address,tranAtt,refundAtt,diff
0xe9fb805561596a3196869e840064f1f6020a47a6,22770,22770,0
0x137bd809fcc9c91e4c2ec9c4269571794cdfa8d0,9900,9900,0
0x6cc7211a9c4508701936b81b98fb670825d3e5f4,3300,3300,0
0x3ab2b46e78d6bad1e362826260b20c6a10682ff8,7326,7326,0
0x02e4facf17988b6aca7efa867b2b571cb64f933f,19800,19800,0
0x00ed73ebe9e8165eb9f9e9acfeed4090b9dbb44e,1320,1320,0
0x15e11368fa2c6dd83ad9b51bd393334673607a03,5280,5280,0
0xfb51b423a3e5eeec743a9c53f942222ba18b946a,6798,6798,0
0xf4050c9698c50590ce47c38065f34eaf5d845916,6600,6600,0
0xc6bb7459b9ed393570ffc23862e1eb3efaf8fba1,19800,19800,0
0x12a8923ab95e2727a175916c7736c0b3f42ad7c3,1452,1452,0
0x5ea1462a47b72e203defbfff68f105ffba6da906,3484.8,3484.8,0
0x1ee628df5c59b5a09644e32deaefc260b4966971,4191,4190,1
0x4c106d1e610bd76dfe34e15c209d4a4affccecf6,73260,73260,0
0x47b340a7cd29bfa96a17c1685f61a67f0c7de422,1631.52,1631.52,0
0x37d91c2d47f5912af25e72b4fc4c830f50222f0f,1980,1980,0
0xce3e7f870147fab82cdf045bb5581bfeedaa76ff,5940,5940,0
0x82e84b0b35728e8f518eb644b5da08a2f11b6c96,321.42,321.42,0
0xb1647b8b3d011678010a1ff28492e174497624f6,2640,2640,0
0xbb44cf3487951b9af87e4d3130016e67cc544a61,9464.598,9464.598,0
0x8c6545f225561426f7b4377365984123a87c3a7c,3300,3300,0
0x9cb8af2e0ae259ea0bf5b44bc7dd7715da918ccc,6600,6600,0
0x5f5f57555353613927a1f7e0b3ea4b552c08cfbb,9900,9900,0
0x432add28a29545448dac0275993dbbd9344738da,5940,5940,0
0x70bf07e3fbbd352d9f632dbc242e27d6789b41ad,1320,1320,0
0x70399deefb6006e3c9071c353a6f93b8724e8906,683.892,683.892,0
0x8df7c12f05b1bb89e8ea7bb9f5973f8622f5cbfc,1782,1782,0
0x04a2f86324f4ce57e9b65e36403131face6a3fa5,6600,6600,0
0x4abeacf2246a14270c5391f014295750c372d1f8,15173.4,15173.4,0
0xfbeb09b1ee3c5fe5838676197a9e1eccf3ff290e,60324,60324,0
0xaf5958925efb6a7175bfd9cc609bc561476d47ea,10890,10890,0
0xc91ab57ef5f66c3f117540472f62178f9b565073,4224,4224,0
0x535d923b60eda67a864f2c7435376b9cd61fdcc2,2204.994,2204.994,0
0x99e7f261c017bf4190545903d419b7151d5747a5,7920,7920,0
0xcfcf34302a9ed0d0ec5d6e830bcf06b612251d72,23628,23628,0
0x6bbaa5ae12841a21183eecedd63ce83027473a62,97701.648,97701.648,0
0x6f13cf830f4c42f269fc37f261ccedae57bf4b7e,5280,5280,0
0x8337233db946c034802316b5c812a708f150b9f4,2541,2541,0
0x6f40383f2db2515e0031414f8b6de77b354637b5,561,561,0
0x9ab6562c0f1fd293acc1f9bfc10900723ce3095e,620.4,620.4,0
0x71b15f82378aedbc4a918eb84f34450d53ba6f64,15586.824,15586.824,0
0xc3bc30618bce448249f6a3c062f69187203a3c8d,18480,18480,0
0x62c848c5346de55efcfc51fca34755204f1a7002,2620.2,2620.2,0
0xfcee6fbf4a8de1c16222b251d25b184fc8d72ec5,19800,19800,0
0xb907526fceefe4edf9d692b650f3abf57750cefa,818.4,818.4,0
0x8203febbbe7420ca106541f894b442b23921aaa5,6600,6600,0
0x00cc7e10990a2bc20794bf6c25f0d26676667f34,16038,16038,0
0x4927f4c7388f753759b8811e64737750c723d43a,16698,16698,0
0x34a63917897fc2b6f5525001d077a8781af3e96a,19074,19074,0
0x88bd2115cf5c48a6645edc9fbb604dde6f3381a0,29700,29700,0
0xe46028f1227dcd4278af477550c75165522156b0,15180,15180,0
0x9488df203717bb2c84d79dd160315deae0b7fbc6,3960,3960,0
0x77f22cb89ae34993df413f940c34d04bc0649cf7,2508,2508,0
0x673ac902677f3849884db1f17265048d35325d57,1980,1980,0
0xbcfc42dba87efad51d2fac347377a96e9413a048,11220,11219.9999,0.0001
0xda693f8eaaddf59caa5c4d813eafc26ce3640ea4,10164,10164,0
0x3e86ae2079bd569300e0037137c140f1301d26dc,5280,5280,0
0xa1262c7f16acc148719675c92591d608c61eb166,3300,3300,0
0x85cb06feb0eda87b1deb7f023120b7340f270be2,9246.6,9246.6,0
0x1cf62e833a9b983ae6886e144be8f6c964526392,1320,1320,0
0xa9466705ae3a08a28ed5ff646f8a43b4fc9f4443,13266,13266,0
0xa5dde8388e3c5816311af7839f4a60336cf57a65,6600,6600,0
0x60de8b3797fadc712f961e0871e255659939b963,8580,8580,0
0x371e180e2abaad698591a08a03719e77fc062148,3009.6,3009.6,0
0xa2556829bba1e2d534cde300c00e6c196012f9ba,9372,9372,0
0xc7dabad427e11de0b00dfffb849cc30b36766fec,4026,4026,0
0x7bf535579b55641051b17d6d54ebf0c125c1dc52,3240.6,3240.6,0
0x109b91033eddfec5797a27114319d95c4c95c0d9,1320,1320,0
0xec286f8be15c3acbcb9eda7a5c4393fd18f44bba,26400,26400,0
0x60427089b4c9219b3aac2cdbd9b9fd7b63e6d52e,2640,2640,0
0x74769983eb772d867b372b7f62af1bb8cae0b528,3293.4,3293.4,0
0xddebbec9785870760f9dc02dc27e2719c390bfd6,3960,3960,0
0x122848c028c1196f52f26a1cf66202ecdd1643dd,6600,6600,0
0xb5604c2c63804c633ae93e4ad3d14bcbade15bf4,3300,3300,0
0x06eae0d354587daa9d7bf566ac395187a351b6ab,1300.2,1300.2,0
0xda5114082c872bf77e605f35850fcc1c40ce6548,1320,1320,0
0x6307cb5f1d34f90073aabfeee93fb3e492c340ce,16500,16500,0
0xf3d31acc1928f72ce526053d11b42a7cb14827d8,3003,3003,0
0x062139ea1180c6ac0818996468d7e849059fb118,19800,19800,0
0xd9ffb44d457922fe3c769b286f65bb6a13260f53,660,660,0
0xdb7e4cada16c53b987b03e496a63b51f565889cc,13200,13200,0
0xf76e9d7d85c63662640394a86138b75cfb172b43,1320,1320,0
0x15ee91fe19f7586f71da18982ab47cc78fdb1ebd,11748,11748,0
0xdb2790babd053b21cf548077953a9f25d9de9e0c,21120,21120,0
0xb7fc175d8cda85c2df6f8c3f5f09d48e600aaf48,3090.516,3090.516,0
0x547afb5b5ccf85467b2cfe72902c9534c4939dfc,9712.56,9712.56,0
0xb51e6a1a0194938c83c4a624ba5e24b3493ccb7a,6600,6600,0
0x545d6ccfd4d74058d57d92b494a6d9e2abbd18bc,990,990,0
0x8427284f780209d126a9c7653f74763c9d4698fa,3432,3432,0
0x749dec1ac3478804db7fd795783b1a0bfec76a8e,10428,10428,0
0xaa8888c4daa3920dc470b872edeccafced0a76f6,57420,57420,0
0x5107fa069d064400d0f16a45220b737b4e9d0cde,1320,1320,0
0xa2b72004de4358ba489452a03c8e4d4d1e4f44bb,286787.43217670305024716,286787.432176703,5.024716e-11
0x686789368a836d5c60d1c5f69efaffaf8b5cf293,9240,9240,0
0x95edcfc6d30ae64e51e1e354a6f3b572774e194f,19800,19800,0
0x29d8f97cec21ac930e6fa92985576e0d569e4ac6,2838,2838,0
0xbd09cab0d12012db271c24d27adb305bd7124b02,2046,2046,0
0x98f2931f61d225fc47bdc0e5afded71bd3721434,7590,7590,0
0x5275372b424942c647139a2086b41a97982bff40,1003.2,1003.2,0
0x09c58b6976edc1e7f8cf611daa15826ea5ae17c5,9900,9900,0
0xacacc26b44fdb92546e95e5eaa2a1a63fbc79ad8,11880,11880,0
0x0e57a994a01b025651b0e2c6d18cf482ea72b445,16500,16500,0
0xbe7e83260a04a0fb95c0988831714c7bc9a436cb,12540,12540,0
0xc720f491fe65b8bd63728efaa24494dcc36f2d62,3537.6,3537.6,0
0xe6d1b045d8f37a8502cd17ce78dad7fb9c4d62fa,6600,6600,0
0x24957cd5e915b1d6400187a6b05fd59b7f5478a9,16500,16500,0
0x53c69ec882de00c1a8ab951720acb6fe19eeeace,30360,30360,0
0x5fcf506e7da7cec26e26a552ff8f905f50d5d2a4,3102,3102,0
0x8aa79bbba3428a05bd70f8efe5612bb01ba4c0bc,3762,3762,0
0x2a2b4096d826ba35be3f9c011bd23f5ea60b671c,660,660,0
0xd863a639c6366b044c7f6ebac07fcbb411f51039,2310,2310,0
0xfe8d488e4e3b613b23cde70a6a9382c34cdcd857,10038.6,10038.6,0
0xd2999afcf7d77c363511c6f807e6fcd22f3b56a0,3300,3300,0
0x1bbd5aabdad40f083409aa835fefa73af811aa68,6270,6270,0
0x549afb2f9cdb90fdef7861b65c2bcf80aabbf765,6006,6006,0
0xf5ed94a2aaf288b2afcb57b70171c87e5ba19c7c,5280,5280,0
0x9bec2178f3ce96b1ee0b07c9a22f6df24ae3092e,7260,7260,0
0x5252f75da0f8067dd46c7243f7fa96acc0651b05,3234,3234,0
0xab3995d686279ad9885eb2cfe6e32c728a7afb56,3300,3300,0
0x46e4cf75e7a515935482c3f1b557efe92893d483,12210,12210,0
0x2d69fb5402801f156f89e01388014670b76b2a5e,19800,19800,0
0x3fd0c125ffa046bcf0fd19a49689b329c957686f,9886.8,9886.8,0
0xedf5de3807d23e5d85b0caa1e10d52b85c2a6965,858,858,0
0xba1d5ec9c9736fac01d1b3c5a77893a25b6c59e1,3300,3300,0
0xc984aaf78b094328bee6d20d8b6c12e4c104a9de,16500,16500,0
0x5707572c74e6d70669d51e4930f3450c3c2be565,15708,15708,0
0x884a9205ae3978d9ef74590d0dd4e3eca0fce215,303.6,303.6,0
0x395ae0173122cb47ff636f21404606f38d28a355,5264.556,5264.556,0
0xd83fd5b1575068e46f403be32954464007061bce,16500,16500,0
0x58f752716d61799e6403c346e98f5ab1892017ef,11464.2,11464.2,0
0xcdcb251430950b037a666a6cdf3cc580e29b4f69,6600,6600,0
0xbd6da64233cc2bc107bb18de8da0c719baabceee,7260,7260,0
0x4f8c61b4dea97b908f47add4cb4fabd4ed1410e9,4158,4158,0
0x404f4c126df0127e5bc3ecf2d566099fd29509e1,2343,2343,0
0x8a9957406da197645eb1982c180441f5cbf46116,990,990,0
0xdd80fe0b1898b9ffa83841eeec6318dc116acb1f,1947,1947,0
0x94540fcffbfb4134ebe22faa9a4228eb726e8ded,6336,6336,0
0xf5f12e48b3fda87dcfcaedefebd0987044f7292a,6600,6600,0
0x27605d214abe10f373347096b2c1ac25115ad8ad,1650,1650,0
0x8aaacc43a9df168e288b511a853a377f8ecbdfee,4884,4884,0
0x3f1a01badbdda7eec4e0dc16ce46e27b9958d7a2,6329.4,6329.4,0
0x05237bdb3dcb5bc44fe13d9da6f37544a369c42e,3300,3300,0
0x555bdae8a05d8b58d25341e83e84fcc45b3e0154,16012.458,16012.458,0
0x5aa6deabb1516952206ca689abf9262bf01d589f,2772,2772,0
0xf4fec2b94e586824be00b55fe7fec9fdf422e6e9,3960,3960,0
0x156e95e0010ceed1a61c598e08ad960ab400f3e8,3894,3894,0
0x6ee8a208ae8ffa2814af676dee20acfb74ddf95b,3300,3300,0
0xa29c7e7b38bea68f46da9bfa748813250fc945d3,990,990,0
0x655b02b5bda5bd3e557cb25b8d6b4d6101bba4ef,660,660,0
0x0572bea979f6cdc3cb2382e71ce6e74acb70aafb,6600,6600,0
0x3285de43ad6ad897cfdf0e48808b2aaca3df871d,1320,1320,0
0xc62662194e68738cd504ecf837c25b67faefa659,792,792,0
0xf25a6fce7a2325b2a83d820981fe443d80e12df4,13761,13761,0
0xd5fc78908425fa97ba18933dbab7287742f84899,6593.4,6593.4,0
0xf2907692c9f3ff410a5f93d8295302126869b985,181605.7870836,181605.7870835,1e-7
0x6f618f791ad097b1dd81c854b2548f662d218ed5,9306,9305.9999,0.0001
0x1155894ceb25f6291531cfa04df9ae26d80f7ae9,5280,5280,0
0xa6031aa7a61e246e41bf5bcd9410103c6acad9df,3300,3300,0
0xeaa54285e33e3410a111a04fed143f40246891fd,19859.4,19859.3999999999,1e-10
0x3dacef640a0752701064374f81cd29dc382f7a44,6586.8,6586.8,0
0xe5d0be441627472f4d3d15eaf8107bdcceb1306a,2640,2640,0
0x087396b991c6ce0c0f9812a88047bb97de91ae50,5148,3000,2148
0x6c7e3e4ba165b94ff80f989bc8bf412e298fce28,7166.94,7166.94,0
0x7df82683a572d9529426b0c799083397193e0387,660,660,0
0x5205db26070388518f87f854128632995ee0867a,3300,3300,0
0xed7b4c42df9696dba1ed318d5d53cdd99bfb907e,2772,2772,0
0x29a893828c56c86698bce9dcb03a7b20af77f110,1937.1,1937.1,0
0x67f9ad4ef5fba05913a936d097aed9b17b3984fa,132000,132000,0
0xe8f0e3751d31e8588edc99a7522edfc51a6914ae,6600,6600,0
0x0c93914d5f3262035f271d48c93f8b86d2410dfd,9900,9900,0
0x3b112cbd0d11e076c223e4c782fae0ab0625db40,1293.6,1293.6,0
0xcc9dcd8cfdbfc510f14fbec8b1fa0ad4bffb878c,9424.8,9424.8,0
0xcc60e324047713b63c651240f1a96973eaa3d267,2640,2640,0
0x9d2ef677f859f248c4f92ddcd52c1785335e8a44,2409,2409,0
0x0bdba0f8141f94c0392779ba67582e0302905787,7788,7788,0
0x01298a30972a51fecd5cb9bb6afe6d32809f3ac2,33000,33000,0
0x28043921dd87c92412dcf3b3c0a3bc2226f5f9ee,3300,3300,0
0x96989b2e5358126575fa2bc7b749f773ab2ca830,1980,1980,0
0xdf2931fa45182a7027db28f44b38ba3cb5bee77f,660,660,0
0xa6e37b0fa0b28607991608f95bcb7bb9c356c5ce,4620,4620,0
0x6b163ca9a0436f508403624da8d8a952fdd44a65,3300,3300,0
0x3c0ab5d57dda0e37ab9c344c3ee1fcb02cf7a556,528,528,0
0x6c502e3bf0d240c67be9cde166469ac8a6652ed9,1562.88,1562.88,0
0xafb0e976eab94f835a2726ef03ec4103419b2a4f,1320,1320,0
0x4831654d3f48316e9f12b2250593daaa2030144d,1320,1320,0
0x6cc15caa8deb5ce99e782cc5125970b65e753456,1870.77,1870.77,0
0xcaa75465ad34368428a6c86b778e16b841fab90e,323.4,323.4,0
0xcf9ed8d28d0028d6608b27a6816a16dab799506a,1325.412,1325.412,0
0xf2c555386faf58b3694160dea58cb02420358141,1940.4,1940.4,0
0x655d2e4e997040752edeb3f12808300e46d14e10,39600,39600,0
0x0ac4a9b827a22c5126e9b8e2fd56450d7aa9f335,17919,17919,0
0xf0d10ce8663649fcb943ae8354b22c1073864ed7,2640,2640,0
0x1df775f1d97490d3dfaee5008513041d16ff9f5f,15906,15906,0
0x2447db355bbe7c083c14ae0f24c5b4920c10ad1d,9682.2,9682.2,0
0x27b8ca61039cc0ef3a5a11a0b71347c2cf8f3bcc,5280,5280,0
0xa2d9c639a5c27937453d36c0caaf7765dd4025b6,3326.4,3326.4,0
0xb186f31036e75b49574be6a03800199b9b07bc5a,7501.56,7501.56,0
0xc571c702c0b6d7fb6421676373da13d9e3e93250,683.628,683.628,0
0xe0b2b45fcad2d5b9e0da3c1e5e26295ac6562982,8580,8580,0
0x77986a2bc42f843851a30d4e13a9340bd7a006fe,6600,6600,0
0x972e82c586f06b8eb07c6ae3b3bb2ba84ec73760,204.6,204.6,0
0x170960cc6a33d4ac46deadc533a091963eec8bec,1320,1320,0
0x72b6a538f73f83fd05c8efa79510b005d80d496a,1980,1980,0
0x3a8f2c6125697bec4c199516f395e149e2630e94,12870,12870,0
0x3d30b9f9bf8305b6145c6687b7148a3a0e7ea35e,1419,1419,0
0x4abfde07f9e2063de98d3f9e39b18bb537f2fa2a,9900,9900,0
0x2a4b58c29fa57d8462a3dec41783b6b73a537ae4,1320,1320,0
0xb5ba9deb550bd22031582a0595d3d0ab77b91abb,6600,6600,0
0x38e535192afebbe641c928d182dfd4fe0a0a6055,6527.4,6527.4,0
0x3c8398baf8fc815e2761352a344a5e740eb56385,1036.2,1036.2,0
0x598cc0dfe6cc30f74af074b6e067984d637d6f15,4620,4620,0
0xc2be35edd0afd295b29edbf2113889619dbf4ccb,1980,1980,0
0xc14a43111c2a94e3c1ecbd65ab5a9e9838ba5253,14269.2,14269.2,0
0x199688e208fa29f3a1abde34b1097677a56816ea,1980,1980,0
0xd333db2e76d6bc1ca9a3dd325b507b469eabf877,78870,78870,0
0x21468763f7c8035e68bcd1954366824d1bcdd13a,13833.6,13833.6,0
0xa51362433550de5c7810ed82c846940c8fe088bf,9900,9900,0
0xeaf25acebce0baf3607a16bd4ebb38ef1115fa71,13200,13200,0
0xdc6db81e9bbf6dacb04e5d33f53c55bc1ddbb170,6270,6270,0
0x2f42d2124e9e160b0735810245d68a65621b1d64,646.8,646.8,0
0x597990506d90598ed5960e7506897aed7a00328d,3300,3300,0
0xd78de064cac5517360290dd84e710b2c277852db,10560,10560,0
0x9fb7563a1969f034e8feb83e499c967d31538e86,3153.414,3153.414,0
0x17181b6127a1c11c9d86380860058bdca4fdb09c,18018,18018,0
0x4cfa90ff83f3f16a29bf408e9322c9f1e30d18fd,75240,75240,0
0x24b8800678045b8ab7e79f6af002cde28054d27d,3300,3300,0
0xce8c881878eeb10680e1123314ba65144158bde7,5082,5082,0
0x83083178cd24948420182fe358b7ad32de83a493,19800,19800,0
0x372308368733b0924c9482d0ac2e9af25cb278d8,6600,6600,0
0x974e92713d0d4b692d51ba81082a24a8bb85582a,7590,7590,0
0x7ad38da4923b602ba8047b06354bff55a1d7b08e,1056,1056,0
0x43a40783fbd32a38cb2d207488869a4de2b0f1fa,2508,2508,0
0xe30d5cc1af38b8a2f9bcf55089d3021ccb7ee4d0,660,660,0
0xb7ce26b8ab1175a122e86a4222060fa54148d405,2640,2640,0
0x38a9168f79052b9dd35087dd1e617140bcba5f45,3300,3300,0
0x428bc25e23129adf4f3ae897b62944d4c87dd4f4,990,990,0
0x7edfe50eb0bc2cb0c6006b2827673585bc84d51e,3960,3960,0
0x7d1a2f6b39fe8baa9ea3c68a1f599231edb433c3,792,792,0
0x8f354687c70a05aa3c6c1c329eb577cc9378a139,1590.6,1590.6,0
0xd2f3b0510cd0cb7b172f151eb76f3b724d6a78e0,3300,3300,0
0x71bc98ca7c9f493d632dd167c414c0c423944973,13200,13200,0
0x005784799748c516f2f184cf45c1ff4cb7497316,2435.4,2435.3999,0.0001
0xbddd5076715f665a4037b48b91bd96fff7a4048d,42144.96,42144.96,0
0xb2246fb79e12607132ce79d92c67a5c717a02cce,9900,9900,0
0xb7280d6d3ee06ce4f5996652ef76857e9ff94041,4290,4290,0
0x2838e1556994de6ca3edf22327c3760f9498bb18,6600,6600,0
0x49f0ca28cdb49423802009f817db8fce3809dafb,19800,19800,0
0xc8ecb6c26eeba19c409a94dd86ad810c4ba90d69,3267,3267,0
0x6af428a041853764d83496984e9724442d5556e5,19800,19800,0
0x258fd17e71c4ab6f34dea8cf838feaacf2491b11,594,594,0
0x13423013738998e40652d006f9f8360ec0a9b695,1980,1980,0
0xf86342e44ea9f8a20d74b8d9992e27c6f911e032,18295.2,18295.2,0
0x1399e34324470794f262f3b590f82f15c527e043,1980,1980,0
0x7ab6ece43854333dc1d026607ab1dd46b2fdb455,9768,9768,0
0xbea29e3d2153cc5473435b78f2a698363d6a0df1,19800,19800,0
0x026d687482e2a1a0f523ec8a29e38834ba769124,3300,3300,0
0x05f83a6150bac66811ef2bb70655c2742a402229,13200,13200,0
0x621b9f61b09c9438a5e0ebf5d6e37e075178015e,726,726,0
0xcd4cfb19fa66bccfe58cabf79f4fabaea8dd0993,3630,3630,0
0x918709e9ca6423e89d1ff75c3e521cc6ff5f3819,7590,7590,0
0xd3c54ca804be044391abd8c80a83654084437332,19800,19800,0
0xafa5c45a4de19c4c3837f447abf0dc90609ce6c9,3168,3168,0
0x4c741a7113f2c04bb09ee3253e2e4a04684a0a75,1320,1320,0
0x672e5a5b33c5dbbbf7afb4f093be0dce5da329c5,647.46,647.46,0
0xbf054b53d1c657995bda3ddd3e5d7379a52c071a,2039.4,2039.4,0
0x20b55115fb8f86d95aedc9923867ac76766dbac5,1320,1320,0
0x478ceb835d62bab854082554258df90359cc9f56,264,264,0
0xb81fe3f6aadb93e3aa973ce86ba06fca3f9de198,2640,2640,0
0x34c788d906100586ba3c0879527bf1e53c5c5d33,660,660,0
0xcfd2bd2a86152bf48b1cb9ab2e52c19d5717fa86,6600,6600,0
0xb7b86aacbba74c587836a48a99c432a9ed7b5aae,1980,1980,0
0xa5ac33472975d6a787bc66c52d59649f2b19e689,3300,3300,0
0x1f4dc26f26262fe6431c6ff1bd304affdf600289,1188,1188,0
0x7cd920d78a878ece6709b45adee93cbff4d18aa8,6138,6138,0
0xa8de112551333323e464f26fae4b04e26ee394db,6600,6600,0
0x50f1cdac55198548523fa3c28b1eb43781e7d3bb,2640,2640,0
0xc3253ff16257cf36fac031db4d4fa410ef0b8a04,658.58217744,658.58217744,0
0xc995f8663cff799acd6e6371ace62c6809e2fb13,3300,3300,0
0x354d2356a6212a078a1116218e98bf6381e1b6c9,660,660,0
0x745c4dabce82d7018c239120cb5cff111b04e1a8,1518,1518,0
0xd735c355c5095bf42069353cfd2b4f290066e8fb,17919,17919,0
0xfed3f1b81b8e88a9081227315a5fb7443124b81f,4884,4884,0
0xb4ca479f58b7d75f73b8e3fc4d4730303279406f,6600,6600,0
0x882aeb41d6e09640bcafe8d6f05b0b15d5a52d59,24816,24816,0
0xa693a543dcb6760c6b6a0336e6078e4258f6612c,15180,15180,0
0x05592f54218f78a850cd5550d165a55ddc55d71c,2877.6,2877.6,0
0xf72c34588fc9052095d9b85fd0f951759cfc4413,1320,1320,0
0x4dc99f263e3ad0fe9a24e029a6606df171c52f9f,2574,2574,0
0x056a79051f7c6195edcecbe3a79c3aff8e2b08dc,521.4,521.4,0
0xba037f6259f2f6059767feaab509cf9ceb2ad35c,15180,15180,0
0xebbf6b57ba2b479600a70ea7d5512842b768c2d8,12738,12738,0
0xf17ce5c9ff333d4f0d1edec48931ec1fb7dcf983,3300,3300,0
0x56f409de8325ac8af90ca1e5045b303a4f1ebdfa,19932,19932,0
0x19fc0afa3244475518be771b96e1f34c8d932dab,15840,15840,0
0xdffd83587a0f3fb3b12b274a3c5ee01dfc05410a,6600,6600,0
0x5f7eae82f568fdaba733df451be59a46fe36f5a2,6679.2,6679.2,0
0xc685835a0be613057ba9b1e77f96a7b10bf69b56,1320,1320,0
0x8515eef9b722584e2f8987cd8b4d72181ef3524c,5940,5940,0
0xee0e18598366a570bce51f5bccb0bda7ea6425a8,3300,3300,0
0xfd52c7c72c18967550b6cb95a171c5988ac1a2ad,6600,6600,0
0xb511f8020a3b12fe89955c0f1257ed7ad14fe362,6600,6600,0
0x7f182bb43ad2d153f0fceb144f7e1310f1967534,34188,34188,0
0x06abf6e3e5c05d02e971b7ac07b2becd7cab1b03,1650,1650,0
0x7086158d24f331c5abfd232ef2a92c175c34c564,1320,1320,0
0x816373c4a862f2f7828b0dd4f1992e2a0ba0dea7,19800,19800,0
0x687f04a191640b4c1f1e3e0211e8f6d3a3a98f00,9042,9042,0
0xfa79e7004f4064bf3c09478f773bfccb612c9830,6600,6600,0
0xb0b480efd749c22f1258029352f4408c4c61705d,12896.4,12896.4,0
0x7b39c44fe04294cf59f34d345b399df25c470173,120120,120120,0
0x4e2b10fdc68fdd35bb85909f1727fd90f4df0795,1980,1980,0
0xb7edcf7b9f545bb267efeb44c01ca811f120d122,9900,9900,0
0x28d98e31c040734b3dba6ec183a712f0a83a1b6f,17028,17028,0
0x386f5085f8e17cd2a415c66e0c85ec034ffc7953,1980,1980,0
0x230f3933f2ea274218e40fd043b4cac0388ae29d,15840,15840,0
0x9b9926d6ea4e1c8f09e20c6428c61f8d2d9a9f23,19800,19800,0
0xbc6a27289e685e4b341d52596b40c7af7f05c176,3300,3300,0
0x49942ad6103cf36101207ecbb6be571fa673f28c,3102,3102,0
0xf672221676208c4e38828426e680b5e667b3d7ff,13200,13200,0
0xc9ee695cc4f96240d9850f763fc9eaf22a60afa9,3300,3300,0
0x787521164d8c5e3239c29f9f81a6c189d9944aab,1451.34,1451.34,0
0xcfed941fa4d53566dcd15ed6a0338022565a6fec,11332.2,11332.2,0
0xe2a23127dbbb99a18418a2a3cfb537760429f44e,10428,10428,0
0xed2886ae3b44e5b00660b7e83544fdc7fc578d1c,514.8,514.8,0
0x6d6c7885cec20e0f8b929fe7188e39dcc80d57ef,1254,1254,0
0x74a16dcdfcfe8a9a283340163ef23b9cc83f3ec9,1320,1320,0
0xd315959e879d36d314c19ccf6654dce6b7255fb4,1168.2,1168.2,0
0xad4467ffde3761b8a7fbc07fab854fed32772013,7920,7920,0
0xbceaff1da1e57f3d65d39fe26b1e386ae7f6ef14,6600,6600,0
0x22229a42b47608e3038502969aace61b79e33dc0,910.8,910.8,0
0x55c37c081852c5d9215a082f838a1f6391d7e1ba,660,660,0
0xfc61563ad79109f6f04e9085474ef7e8bf641baf,1188,1188,0
0x12b49e191606db0b5f5bb8540e55a9792c0ffcad,39600,39600,0
0x45394116e4f2e8c3685ab9d169380d2d6d1d2d4a,1759.5285906,1759.5285,0.0000906
0xb18fdf715789db326c0f3c5b33d500ccf2ebc5ad,26334,26334,0
0x242765fea89bb61a4f4abc555334245226b2f3af,15180,15180,0
0xa5672718d3d82c4c9d1eb5754566075fa4687817,2640,2640,0
0xce7c6b782637d844ebb12eb87b15544c4ec0ce1d,6600,6600,0
0x92172bdbdd6fe5b6fdd15dca70e03883d1943678,4752,4752,0
0xae0bf847620f23923bd4c4d6c83536d61ffa7fa2,6600,6600,0
0x04ae2ff50bf6437e3d854acaff41548648dc954d,6600,6600,0
0x419d7b7a74e2e218db399b927fee63d312d793a7,6573.6,6573.6,0
0x2a83de1b989a7adfbf44beeec4ec61cf109d5d4e,19800,19800,0
0x2a7e1c4c4734e720b0c7057753d7d985043ea3fa,2838,2838,0
0x40d4aad72c0a8e271663ef0049e816125dd5fb67,21120,21120,0
0x78bf0dfd367a27998a90aa0637b189015c0f9617,30736.2,30736.2,0
0x09723e22c289dbeacb7e90b04c745394a83d0b86,1326.6,1326.6,0
0xce9852444b734ba77d2e921b159f7ece505ebfd5,16830,16830,0
0x299b373c3a3457f8488404b314b749589d58b3be,19800,19800,0
0x55a5b9f849f9f3766864559f701bc8e5086bcef3,877.8,877.8,0
0xeffac488953982ae1a8856e42a8fe3c9f5d174d3,13200,13200,0
0x31686a5841d83b8f4898f854bf4bb8fa17db06ba,2640,2640,0
0xfe97a5d5518c6321ed67ed051af8bf8dd5a1c306,8580,8580,0
0x8541b3c4516d51e0018568a6cacd962a214230c5,2640,2640,0
0xa77ea6eca6f8ab076270cccda2dab6275f6f175f,8580,8580,0
0x165270e39c2e18c44e8e0d08fcf2a48a1f02fc59,5940,5940,0
0xa867f96d53b17286f4b84fb98e0f1dded459f982,6600,6600,0
0x9847288c020f184865794137aa1f94e50d72c4a1,3234,3234,0
0x39b2c0ed38352d65d35a903bbb3cd943b39fb8c0,1544.4,1544.4,0
0x961fdebd28d792a2da9fcb128bdcfcc33635e179,14520,14520,0
0xb3f6817cf10348ddfadf87a17943f19a424f9436,46530,46530,0
0x201a52fd4b96b0ab999d1c6a0ffd222b09c0cea6,6600,6600,0
0x3b3d13ce8ef8e3d0629d8147495e8422bb2e000a,2081.112,2081.112,0
0xd862cfe64410283236cc529e085c12ea6ec60607,3894,3894,0
0x8c131e27b56883606cbe762b37be1f96e654264f,2488.2,2488.2,0
0xd421838a42bb009f7982ea6216d84b9c11728b19,309540,309540,0
0x534648ff47d2bf6fff7033ecac5812e0e3cd02a2,2640,2640,0
0x8b483e7e98409302a9908250084b79ed201526e9,19800,19800,0
0x70172d7da6fa2eee573a2a1eb9fa5cd1d3f0b432,660,660,0
0x4a112595afeb5a2271cf5ee9279ba33470df1ee4,7920,7920,0
0xfccbe6f6f2e42bbcd5d6fecc1ad2184a90cb734e,66.66,66.66,0
0x55a32782ef6aba4a387e449a363b0fe9b4d2032f,3300,3300,0
0x2049de4de5e206a991ca8b1fa5c5d5115f9e22c5,1320,1320,0
0x45a329b2652b1166b0655aedff13850e5c01b202,1320,1320,0
0x51a1be13381e05bbfdd5b0b4c2de6ebc03c5c3a6,660,660,0
0xf04e8baad6bb2caecc9fc8b5592d90d1c0495694,16236,16236,0
0x5d31ece3cee3ade0e151a464d70b9a83710fe04a,2040.258,2040.258,0
0x49b1c6480ba1e332bebd03e749c0de544fb46be7,9900,9900,0
0xfbb06f475d9ed6ce3229f6bc363557b5519d4e7f,646.8,646.8,0
0xf57c409719451c224c25e02160de7b3a39d0de55,3524.4,3524.4,0
0x87fbc0b26d6b39c838e7337cd9e0203da68d24e2,3300,3300,0
0x24a176e9dd36c0156d419028bcba6a4170cf2f5f,3135,3135,0
0xec5134590b59a2c279b4a616b446fd88d6b0cfcf,3201,3201,0
0x0c258e0b2b9be3d980d1dd09bb25ddb303101142,33627,33627,0
0x28918357da4de97dbf3adb205e7ea18be1ff762d,1273.8,1273.8,0
0x5495b4ebe607ed2669f9e63feaa19124faf56446,660,660,0
0xcf927446d29153e80017f53f58616e435dbab7c1,13398,13398,0
0xc36cb24f25b9a8622cf69c459b8006285fbbaf85,578.82,578.82,0
0x6f0ac120b5aede7b4bce0922d4984bfcc24858f2,19800,19800,0
0xf01d31be3d151b1dea1ca4508ca6a28eb3fe94a9,5280,5280,0
0xdee0e5140dd660ce712bdd07fba143af80231220,1188,1188,0
0x049f73c8139a0f1ca749852eb57177154c83fb54,3685.1723568,3685.1723568,0
0x8a767ea9f26a29ff18d1de9801302e90452c4812,660,660,0
0x2a53a0fec55ad01042c139e517b6c364073b2831,2970,2970,0
0x81cc65f9c675ef032f1e3b4512949c1e1fdb645a,4620,4620,0
0x2a88daa1598fc96bf9362359b41cedf16b0bdfa5,1980,1980,0
0xaa6e05ff94037f7854b39aadff37c385e262b919,990,990,0
0x7a23aa37d5070b30d16b3113721c0ee9186e7bbe,54318,54318,0
0x348ebaf772d8b4529d3831a523f8669b8c87eac4,1320,1320,0
0xd2a75f1ebb6ed6919277401a2e3fd6e3d828e086,15609.594,15609.594,0
0x2ac3f94d54bf3762f392cdde06d036c98d3c9ee8,19800,19800,0
0x06dceb7cf859093467ad75d8c4693cdb45c8ded2,3894,3894,0
0x08ce17567c172a8823bb09f410780481cd5033db,10560,10560,0
0xe3b5e8c35cbbbdaa3dd973360fce9d8f3e61b5cc,1958.22,1958.22,0
0x38c09b946772bdd2f92f4d65033b2d8a1239cfe8,627,627,0
0x74f6000c416e19c8ada300eaab43690baf747d56,3300,3300,0
0x118f8010077a0800b7a038baf8df2552c8512f42,8415,8415,0
0xb38616308e2e743f47533b8f18ac0c46f3421adb,9240,9240,0
0xe7f8712552ba0be7e659b41d9b5f146f5f745224,6573.6,6573.6,0
0x827b37f62b44b0061e5853696ff23d72fbac8861,2640,2640,0
0x089ffdde1f37b0f377b29be06f4dc9f8c75d75d6,1320,1320,0
0xf529fc0b0dd502de5f1844de0cdee01e8ea43503,1320,1320,0
0xd8f5bff4542c8eadcf96aa8803208e5c5b0f569d,14520,14520,0
0x121231fa85c0453947732b1e902dfafa04c71563,772.2,772.2,0
0x33e47861ec0716d9c11cd862f0742f190a51b295,1425.6,1425.6,0
0x40a0d2a44f29998a0eb3b3355e09c6404b17246e,3630,3630,0
0xf23b127ff5a6a8b60cc4cbf937e5683315894dda,33000,32340,660
0xb57f45ae9443f193cda2388066517b8b1fb36089,2851.2,2851.2,0
0xa6c6171c80380050f2aaa8d7dfc9b4c3ff72e121,5940,5940,0
0x07635e384558345376f0dd9fe24240e5dc4dd5e5,19800,19800,0
0x5270ca0e84d1e2deb824a797b4b8c9ca088b08e0,11220,11219,1
0xe49ecc99ca13ebe0773dcb48987bb48ce61aae07,7920,7920,0
0xe81200d260c79be68c0a29876660bf97615bfcc3,623.7,623.7,0
0xfc2ff6c31c3a4cd32e193cd61ad376cc818f32e1,7590,7590,0
0x8219fae0cb0e0fb75a3642a1593abd51612a2d4d,25740,25740,0
0x6b89a07261b0100c83a34f2fb2e4c9079ca31287,3696,3696,0
0x938cbbb6d34fd4cb92d6337270513da3348f6cb3,3300,3300,0
0x0451d1f94930a76537f454cb54998508b1e287b1,858,858,0
0xe63d1a957e21fcd6ab81993b5eadabc806926da2,792,792,0
0x7decccf512c9bfec62babdd00352ec81184d7e33,6468,6468,0
0xeb6b552789cd82140fe49440b79c599140efc3e7,19793.4,19793.39999999,1e-8
0xee254384f42b3c70d0367bcbcb906eed5c443aeb,2640,2640,0
0x793d23ef0785f8ee61d5dabe13c51271b4e7fde6,1584,1584,0
0x1b29291cf6a57ee008b45f529210d6d5c5f19d91,4686,4686,0
0x296158a8f9238fd6e335ab10c293b895d65bde0f,15720.342,15720.342,0
0x2decf8bdb99c83c21af69bf7f9e6bd61c8c83138,6600,6600,0
0xa6221682cf4dd31ea747f547112b6f181c9cdf7d,1273.8,1273.8,0
0x4960f6c4c99b56f685d54819f48fc6ab35e8aa08,990,990,0
0xed3a555df4b301ef9929dc40ce63a058b0bf6839,1966.8,1966.8,0
0x9595647449661ef9128b9a1791bb2792efec1406,648.12,648.12,0
0x1e30c6f4f0bc85c438f5c4cd17b7c13493819174,660,660,0
0x5f9dff2f06a4e4a311ccf9c08b4dbd4c66178fd2,660,660,0
0x27ea61f155fbf252e3a2dbfed84c7a571f055ba7,660,660,0
0xda16e78876d535687231a4bc80314b0f13ffb258,726,726,0
0x8e38afd1a55d0795c7459caf6015c013cfc9a4de,7920,7920,0
0x84d2d6e93167c703c581749a0333830a1cfae62e,5940,5940,0
0x56b291561714906e74023b36ef0ee322ec218f90,8580,8580,0
0x32177fad9d9be4dd10ce0281879bbbeddf2f6575,6600,6600,0
0x4b822477b3835d3afb4fd0d3d7d6ec5ca63075e9,4950,4950,0
0x3019225e2fb3a6639cefc33eac49465427c0acde,3960,3960,0
0x6e6913c4edb2420f8bca37381b50142b9fb877fe,6600,6600,0
0x0cc1f2e9897fd1dc9beac945c9e485c08d1758ca,2607,2607,0
0xa291c2b4607bd1de3886b12925520a9c90a4209f,1285.746,1285.746,0
0x67b3ffefdf47c6c9561f0692ce2d83ec27b87b5c,4290,4290,0
0x7b52674eeaddce1a926d49fd3f594711d9cd29d3,15180,15180,0
0xee933cf3a25c08b67a7602123df8ff8782a527f6,2574,2574,0
0xa02cdbdb7e2b9031a07fa2539e15695a809ee020,25938,25938,0
0xc86742607f712394ac5bcb78c39c9b1396d00777,13200,13200,0
0xf1f56a5a6e9acf0cf316da9f2dcfc7312f4caba9,6534,6534,0
0xf55d2fe47762045b2ca0be45eefd65626fdf17dd,3300,3300,0
0xc726b0a2fd88a347be65a02c2c89f5356511440b,1320,1320,0
0x3c579133c724d42a557b3b8005c369d89a5d8bc7,1300.2,1300.2,0
0x5e2142ab532679654f97598f21ef230be8dea0f0,1320,1320,0
0xb559dd0dc42963ba7064c4bd2edfe65ca1167137,13134,13134,0
0xbbed43a9e00859d23cb4c3cbfceb5a45f06be36d,11088,11088,0
0x2404a54d8b03b307d5c7b3ab0c425eac658fd496,1834.8,1834.8,0
0xec7fe1bbbc4955836bd54d23088a91e5b4b32b77,14520,14520,0
0x2029d2126b7f9cd90a6b7e3e5546f4a2fba4e92f,9900,9900,0
0x669a7ec3c8404a3bfb32c3cd20bc430b607c0c21,13048.2,13048.2,0
0x04aaa2ee21b88efa654512566ae2be8af39c3de0,5280,5280,0
0xf006334c3dc0987dcc7818381b963e2d51fea776,3300,3300,0
0x721d6decba0fa5fbb9830704fb4d7ed1fba6e29e,9900,9900,0
0xba3f517b21a8438a17b22b7abb89c8a62c837986,66000,15160.3722,50839.6278
0xdf7117bf73131db0e1bde2f43a13796ee2f15582,3300,3300,0
0xb13c02d672d8339a263338a9468968370231523d,21780,21780,0
0x756761acef35a54b948cc605af0d8e9f48973682,13200,13200,0
0x5e85f120452e4da9e9c5dce0cbefbaf6780ea975,6600,6600,0
0x02041458783b6a2b24828f3db9ef66029d685bbe,726,726,0
0x1793e849621a4816ac16d57cd3fb6775a854af99,627,627,0
0x63f3647595e9a6c90163daf6adb32015eb86bf02,11880,11880,0
0x94ac599c9a0920f7a356eb68a92b29bd7a68c1dc,6600,6600,0
0xbb745cc21059539a39dab6ba59491837b16fbe54,316.8,316.8,0
0x794a1371329393dac21e9b7190f65930eeaf550e,1320,1320,0
0x8b33ad44d8480b63dbc6a9696b05ed86f35f1df3,6600,6600,0
0x06f67c903c9952acd28c24effb6bd5617deb8b45,15180,15180,0
0xb957c2142a26604ea8508c9f39d145381a8899e9,22440,22440,0
0xcefd682276a35b8affee537f733616f01101384e,2772,2772,0
0x96d9cca8f55eea0040ec6eb348a1774b95d93ef4,46200,46200,0
0xc8bccdc356e6c095bab67f965a41cbaa4769a647,1656.6,1656.6,0
0xc705b9ea2d24ed19577293482ab8bbb3dfe52175,6336,6336,0
0xce3b2f49af5155632eb1eaf75437128dd76311d0,2542.584,2542.584,0
0x7454a357c283429a094d4bd7ea4de60e16a78579,1320,1320,0
0x4fda5c746239de18e34a97270672ff97e8316a4f,20856,20856,0
0x3da78ca393937a8684f225417561f58c8401c5dd,26400,26400,0
0x744b2ed683a0ac9d4dc0d6d127d359a717d399ad,32142,32142,0
0xab98af7b4f985b0b6340f710ffe682c007e95215,52707.6,52707.6,0
0x09a5dda721f3ad770d1a3a0f1092b6f7eb5abe39,1518,1518,0
0xc4b1abec2c76f6c86c66796934aaf5119660e723,13200,13200,0
0x612935a7f0119005f69e5ebdc3ef753e1671c7b4,13530,13530,0
0x5509fa7c19f7d66ab66ef29b87e4b7e860208e9b,59400,59400,0
0xb6a6039c7c4485e29c55a25c23ec5186a5e0eb2f,1650,1650,0
0x43b687b0a11718730c562ee32a103d93bfe458bc,46200,46200,0
0xd6875d700d73a65c49b103782e5c99d0e5535a02,3993,3992.99999999999,1e-11
0xce855cd625a5c04f93998c80e4388c8c11832ad7,3709.2,3709.2,0
0xcc539790167b46503652239664f2a30a2d279917,10886.7,10886.7,0
0xb93dc3bf51d7760369067ed4a2f44ac6d2a51833,660,660,0
0x1a88f8c1dcc5c1d4bed42b73ad8b2c7dcb0fb786,3108.6,3108.6,0
0x3a59e5f2ac46d41f6dbfb3c3d1b5e65d6455d64f,660,660,0
0x0718736ed41b591855389db280093509d148a86c,3300,3300,0
0x9defee43b1dc01a4f8c67226e6ad911164806eb7,1320,1320,0
0xd41967279cf79479f39f626d4ce0216b36721d9a,1320,1320,0
0x5988659fb9da04b7d24cca9533c55982efb7d4ec,35640,35640,0
0x70e9c024e74012ad59f14a008056111d8f95b601,1320,1320,0
0x6bac0a32a280114584c8d4d69ea5c579228449c4,6600,6600,0
0x2e6b90ce3f2796d41a9ddec266e307046ff94f70,19800,19800,0
0x8d87e5f50934931041b6d434bbd0b90b1a6a11d0,6600,6600,0
0x8ecb24c85bfef902a379ae28dcde7755c00d2c7a,1108.8,1108.8,0
0x3f53d7422ee77809bebfab45461b9b967acf6e32,1298.946,1298.946,0
0x2f8a15e92e38abbb7f712162150b7dbdf3118d0b,4620,4620,0
0x088c4a4a8a8fab074ad5d3ffa5cdd481997dee4d,47520,47520,0
0x1ea82b54b43ae001d2efd1ff74f46cb1f0be63d2,3402.3,3402.3,0
0xa1e94a7351fc0ffe7da4666dcb50043cd8f1f5b7,6204,6204,0
0x1cd7ac2cf5644f1ad350d828679d609ffde0d69f,1311.42,1311.42,0
0x8dc682bbbd05159345842b811b5ffc02e86b51ca,745.8,745.8,0
0x8ea1bb8aa59258bfd4688196cab3bbfb3c699345,6600,6600,0
0x538cc6e32c48673d10330a138b8454ff23ba6d1f,1320,1320,0
0x08bafb4400a102dddc5e5d584abf0aa38e174c57,2640,2640,0
0x021e4f390c8d4301ac3ca851f07e9839a8433db4,1313.4,1313.4,0
0xd09a469a042306290716185484e0037a92b4864d,1518,1518,0
0xf31735c11cfb924d01c0018abb34e1eb091cc6b7,3960,3960,0
0x55d38dfa6fd5b4ad218d8beb1cfe3e4a3be62c65,13530,13530,0
0x45c85135ca5603a1fd26db92e6e8a414da10974d,3300,3300,0
0x4cae259563cd4164724576d3f5ef3c749f15913e,9240,9240,0
0x1bf91c9fcc9672b660501c97dd29533557fc0408,1253.472,1253.472,0
0x368d7907b04a3821c7600ef0bd033eb35cd6f739,19872.6,19872.6,0
0xd6c0545ce17c8a170af6c2ad1e52a3f5c77f0370,1980,1980,0
0x2e182495051cfba5cbc64f6d1ca60865f9283997,14424.3,14424.3,0
0x16f047da73497320b8a1b646f9f3deabad39c41d,1980,1980,0
0xf119106ee255610f50a2d33d530b74061a789ed2,132000,132000,0
0xb5331318bf5a573be2f043a91daed22615374f33,6586.8,6586.8,0
0x975732dba1aa17f0bd32b2bccfc663c5433aa1ff,4791.6,4791.6,0
0x879614cf6d5b47ceb1c2212932202e45e31b8e6c,5280,5280,0
0x4b809377db67c3f0462c5c4562b73236668bfabf,19800,19800,0
0x2fddd1b6ccb971f72535a05ce926d90b2dc59ebe,1980,1980,0
0x0d9a8bb3b85392b2e0442defca482d72f01509a0,990,990,0
0x9b86186cb7587b9c53ab394af636c0cbd7ce0c75,11220,11220,0
0xf51900a8bf9730eb654efb217105b1c4f8994ca9,19801.30137744,19801.3013,0.00007744
0x0cb65f3e8cb1aef41dab6b410a742354e2e80c7c,1320,1320,0
0xd6b385d6d028f4c0d4a39f81191d43d23951a9a8,6600,6600,0
0xb99e8b77a7b49629ac881b4f9f0feae13200b07b,12540,12540,0
0xdab0cbcdf33400ec00c5642bbaadca6e7bad65d8,7326,7326,0
0xe94f4d2a6e8d05d9f7407fda721b8667ca545e02,2048.64,2048.64,0
0x2ee578555423836478d672f7eb9ebc3637cde79e,1432.2,1432.2,0
0x74fd94e9cb8ce5317021884fcd787fff9e531e6c,5280,5280,0
0x778b0b2bd55d0bd23d5b7e66e98e27d967d5df8e,646.008,646,0.008
0x5387130c8e7270bb702d5cd4c3a6944a6a0821e6,1320,1320,0
0xcd168163b319992b319cdb29d5cf416899cdff9f,2442,2442,0
0x5bcf9585c13117796a05738db5b45a5378bf87ad,19470,19470,0
0xea5440e251ab4db7a43fe65f1c06bd0b198e1cab,1320,1320,0
0x90da381ce0d0cf512e64c154ea7603cd56c0b7ea,17820,17820,0
0xca78d55f4122d0639f31df3a9746b465073dab30,1181.4,1181.4,0
0x9f402d0cea351ab0194ff86e179e3e36bb24ba12,1320,1320,0
0xc7fb76d905102fbf68a981474bd26e5fa4427790,660,660,0
0x0cc3d80e4060d358196d83a76b0410e16812e4cc,7081.8,7081.8,0
0xa88cb517d8b4fe296a7278b03d1268ac1e71097a,19140,19140,0
0x74ec5515d15fea7700274b7ab4592e15ff3c216b,13200,13200,0
0x0a1ee7bb1f5f5795ceafe0924c38eb04915869b4,19800,19800,0
0x69c1941bffc90e129763b2e3a55fd10a8a2394cd,19800,19800,0
0x784ee824466d42bd0393047c6503a635870af0c0,19800,19800,0
0x29c9861cac7a7a24a5b275cf655281bc511a0e45,33660,33660,0
0x8fb0d87b069e0cac9c052f82a88be3adaca1c0e6,41580,41580,0
0x45cc933821e738d10fbd60e5b222f93098f0cffc,31020,31020,0
0xc99127e44efd45bb8ec5a3fe22451f705c69ab4a,19800,19800,0
0xed95d7318da26920ef542e46d2649465e7ab31d6,1650,1650,0
0xb7c6c0d44ce5fbbdabe0228c4799ace41e4a75a8,19800,19800,0
0x2ca830f762f60194985c0dd54d4622fbbfb4a6a5,19800,19800,0
0x92bbb7696c9389173564534016fbf9ab4b8271b1,2956.8,2956.8,0
0xad73c9dbc6865e18683f64d0d98852304adb7c88,3300,3300,0
0xfbbe59a87dc013e67ee1acc0c9894dbf67ad50d7,660,660,0
0xba1cc10bdc90f312118dca64f5d35a039b340238,15180,15180,0
0xd7447c9d27a219ce0f675abf5d3ead5207063ead,19800,19800,0
0xfd9605e095587020621574a3fa3dceaa70e36af7,11655.6,11655.6,0
0x0164f8914a464bf3b0ff065a517984250cebbaf7,6600,6600,0
0xbd425edb17bd2478f6f59af6a59fefbaa8887a81,1320,1320,0
0xa5b92edcb0f567141fb3bc77ac98e5c824a799fa,19800,19800,0
0xefa0d3b3142b286d7a2ebd4bd8d3978e7964c0c4,40260,40260,0
0xf0900bc13037f775bafa917663250ee61b80134c,3238.092,3238.092,0
0xcd164e36450388c1e5cf0d7b70cb4becab657cd1,19800,19800,0
0xb6d68d6eb9b0e7815c8b50ea0b0652e80bcbdfbc,19800,19800,0
0xe446b2db2ad372356c0687e803bea38913fe360b,6600,6600,0
0x5638cd740986dcac4f2f544c6d3112d5a1a5f4c4,5947.92,5947.92,0
0xfd1b9321c57d2b0b063c390144ae9a77bfb43f54,1650,1650,0
0xa05313704df04f723c82a369166530a2250a3632,12606,12606,0
0xca112f3a2141271539d946878d155332445d4551,1518,1518,0
0x1230d8747d8057e5b54ee14222fb944b5e3bbcfc,19800,19800,0
0xccbc2825e5de7cf1ccce47ce0b7e4c776c749b44,19140,19140,0
0xaaa04e5085d694a1c5345df3ce0a6edbf04a681b,6930,6929.99999999999,1e-11
0xedd8e82d9fd2a18a41b12b22bd785980b5c550d4,19800,19800,0
0xc5efe0f491aeb5d2e03143775f33135be0cb9a31,42900,42900,0
0xb704e78238cec527d025d331c113c93d7db81cd7,5326.2,5326.2,0
0x95a42a3d1ec61db8033a676f3fe6f285ad2381dc,19800,19800,0
0x8f63cfb4b166de87247ab9d6ca4d9df38945a935,6270,6270,0
0x61413367a7c98df57bf235034603046391ee0a61,1320,1320,0
0x742b889d20bf4346d9bd05f709fc55112e811f50,19800,19800,0
0x081a689aae9c5f8d9ffb13f48ce0d7bd08cc8e0a,1584,1584,0
0xab530a444525d5cd2d3e33ef0e4f2fa8494e07f0,3960,3960,0
0xa25e661a3eb3ae58629bc1294ae5adf77c0a1b05,2534.4,2534.4,0
0xaf9d6fbfc46e66f5247816655c4f358ec7a9cc03,1617,1617,0
0x524d3ee27bab3048a7bd93999beae4be0501f82d,19800,19800,0
0x557491b0627e95195410001797dd9279b5da4eee,5148,5148,0
0x72bd3b28a219ec456edd4878587a197df693d432,18985.999956,18985.999956,0
0x95a822434359b6afb9631f79b5665d5599913781,2244,2244,0
0x022c43804df7552ca655d21ae4ef46b807511c07,6600,6600,0
0xf03754f3730920cccebef465e05a3fd801446f82,655.05,655.05,0
0x9e19616b9a2722d3a3e256f8f6ae35832ab1b937,1320,1320,0
0x6d8023a953eaf6a1caf4207cb9540164544251be,7920,7920,0
0xdfca3adddc9055011256c14d7e45372949428276,6600,6600,0
0xeef84203798d9707c61bf62f263990a1c46ed002,10824,10824,0
0xb604be9155810e4ba938ce06f8e554d2eb3438fe,1254,1254,0
0x84baa3ea7f486b5d2cd3583ce389d9ea4a17bac1,2640,2640,0
0x09d7ac7a7c64eea4eeb17802d644d68231755a41,1320,1320,0
0x84071f731a28ff17daa7335db40974cf1967c1a9,719.4,719.4,0
0x24f1575a0c242b6d6e7d5920c9de48378ebdb7c8,1617,1617,0
0xf2f21616752f722986d5946743ec342e9709235f,1254,1254,0
0xfb3ddae4a662939191f36bc68d36ed10a258e117,1914,1914,0
0x4f7c70202b862e1ce8e8f30048ae13f8825332a0,1320,1320,0
0x4e554e4665d95d1657fe349378e5f79723cae157,4620,4620,0
0xbb80bb719b5908a8dca808c00438f834e1922584,19800,19800,0
0x1371663ff4320add21c103c00ce0a2df1b71f8a8,1320,1320,0
0x52671a0aedccf7dc6ab08c6e42b7d71812757727,1359.6,1359.6,0
0x8f60895fbebbb5017fcbff3cdda397292bf25ba6,21912,21912,0
0xaaf6b2d13759a4cac6eaaa463d49ea8df8533d55,6732,6732,0
0xd004131a9ffe288b7c947edc18ccd7a6dea14066,1691.052,1691.052,0
0x49a6f6ab99d41fef52db098d69c70978a5ee2d1c,2640,2640,0
0x8937d230b019c2fa0f69ac553c3d577909c14650,6072,6072,0
0xefb0f0e0b2bb8951d36de253e4681347efd41f27,3346.2,3346.2,0
0xb0e9f6f70103b7b6a994e181b12e603f9c297b29,5867.4,5867.4,0
0x74cecbbab4d5bc3337c1acd1b420e7859714ad17,3894,3894,0
0x95f5311b13bc5b08029aa173a8279be19dd167b1,1971.948,1971.948,0
0x7e963b1a14ab0dc0001a5e3356d99a1c67f9a66d,6566.9462232,6566.9462232,0
0xa43d08ec56e946fbc8d65f29e4cf9f1f2fb1b5a6,8580,8580,0
0x28fc5c6fb33fec0fa4d1b174031ab51ffd363716,2640,2640,0
0xe1529dc4dac1a928cc8873170863a4141a5712d9,660,660,0
0xb8bbdbb24c72fc14966d8ec4a05864240580669b,1320,1320,0
0xf701c7ac5807d0974a59c220a58609fdce55763f,3960,3960,0
0x6ed42aa1c82aaa6ff0151fe184483be99f6e740a,6303,6303,0
0x9ada9affe806d8284424a3a6dd0114e246e9469c,6468,6468,0
0xe4cdd6c3ade138f1dacc70e3589c4653d10bb771,13200,13200,0
0x929c57bddc306357edb10ff43c9b9d259993f8f5,3036,3036,0
0x0ecae2c8a35f68b7c974f4c237ae0919d6ba776b,660,660,0
0x347ba2b93d599d576cf34623fc685a02a968d542,6270,6270,0
0x66038c2bd00ce274084a81a3e773b582048888b3,3927,3927,0
0xa4f0524775f3e495d79807b988adc6b57b8e46b6,1320,1320,0
0x5af10aecea93b94ff4ee5dd973869f6dd108aa32,5940,5940,0
0x99b3b25c1de8ad7f71b66ff370e3e7efda721b35,2659.8,2659.8,0
0x44f92bf6f6f3555a8095bf8b822fd25db0b74d1d,4237.2,4237.2,0
0x429f9eaf4ebb40543b6651ea0b12cd5f91eda75e,17160,17160,0
0x058502bb8348929a6bc40984b4ea7e8ac4a3da19,2640,2640,0
0x55930f9e275fd4240bc728761c13234e5946324f,4818,4817,1
0x7844664154bc39195bad5d3ccf25c5de929fa430,6593.4,6593.4,0
0x1f0791a7555e64d6b19db6a20856be0b8d6f757a,6534,6534,0
0x4971ed6fe79a57f653a828177d134ab1b7929101,1584,1584,0
0x3d2e75b1febe9c64651c57af9e93cf66fa86ac9e,6600,6600,0
0x231ac2e537b8e336e7dcb8021b3335f0f7de9974,19800,19800,0
0xe20b5690e137d51e59bafb0fe5503b39a9e1b72c,1227.6,1227.6,0
0x8fdf70de22d3b9044d3539658fcda560460debb9,660,660,0
0x90761c0bfcf1e13c49e082768413ade93d215302,660,660,0
0xaed6370be97349717fb7107135d61f3e20ea176d,11226.6,11226.6,0
0xa7dad9d96ccdb35c089342cb26f84ecc5c8f9107,1980,1980,0
0x7b0ac7f390259cbd9c56a5a0a752c0832b421662,3326.4,3326.4,0
0x12f62a792f9510f3548c39b1aa9d7e34d177e366,2692.8,2692.8,0
0xc8fd0b1900b8aa57079d2ce287530515cde9de5e,5280,5280,0
0x19b31d3c0829e6e01e9c3f2186354ef99337b58f,6580.2,6580.2,0
0x7525af9498280da3fc2f5498c495e89561b8ee79,1980,1980,0
0x1f777dc79f4bd77f6e411ff9f67872cb8bca7c56,7920,7920,0
0xe15a77fb4e1da6279043ce7ca8f80a4b9d44aafa,1320,1320,0
0x9497ce71e3cf2123e507786e22b67cc367a14eb3,330,330,0
0x8d5465e4f193be9d6fff5c8d4544b14787832d67,6600,6600,0
0x02141508f702de965e5407f963f782b843167a91,6600,6600,0
0xd1c56eddca9714c518373c17ae13809a68836d73,1980.066,1980.066,0
0xf6af29f12e35ad9e6624674749d8dd6aae567266,6600,6600,0
0x3db94c4def5ee0a505df3b02f1be1fc3cb772762,646.8,646.8,0
0x436b98f3a614079ad005b7c62743020ad3dd672a,14520,14520,0
0xb7d5a91a8bf871fe894215652578b3b820193230,660,660,0
0x33e3bf38c1607d541301fe8c7b69a194154f6fe0,2772,2772,0
0x48e75f2307c8705b5f228237f34264d934777544,4620,4620,0
0xc42109a984802e15bcfa337c57f02259d9a00abf,6600,6600,0
0x17a985dbc716f06e99c6c3fa38f452c21c8835f0,660,660,0
0xaf62d4322e35323da92a562c0e9a5568b3b30229,19800,19800,0
0x6106e4ed29ed8218addfe8cdd266d0ebc68a227b,45870,45870,0
0x1c1028e783a64b66849cf81ba3586d32f6c3b6c5,660,660,0
0xa661b1b549e898d3a4178d3c1d67b4d45edf7842,19800,19800,0
0xe14e18115f97905d81635f49360531a0195826df,3300,3300,0
0x49b5b8898881f9e8449d1ab40e44ebfed1836e10,19852.8,19852.8,0
0x74841b98f7747da100299965c6dc04131dc3825e,6600,6600,0
0xa0cc9145c95987ae229f0f8ecbe8623c33488ba7,99000,99000,0
0x1f9417947f15a8744f41997bd03d782e01c3761f,2640,2640,0
0x2605f1f7323f3ac2b36ec94ac84ec1df2211bf79,3234,3234,0
0x2d95e5d74941158a552b74bb37367a8dc9cc1983,660,660,0
0x802013aeb629cc5c80f4a9bed6830302d0529f67,322.014,322.014,0
0x7e7b62361a95e45c34efe27b1bb0e40b6e1ca170,1320,1320,0
0x2aad8a68636e7800cd6b2527b007da4a19d751f1,21120,21120,0
0x9b4bcad67db9e7a000cf97b4432fd53623302dfd,9240,9240,0
0xa6bef6fcd0bf75c3cfda717d5cc5c11043916e68,1254,1254,0
0x6767e5f8a9c2c1e77f997f75c452ff735e88830e,6583.96435488,6583.96435488,0
0xed43fcd8bae80add3d055fb43f33c591d291bf83,660,660,0
0xcbd806c99d7e93e31a9856b205142e5f7181c33d,19800,19800,0
0x436df69c7ae4038a3ec6e8a4fcd6ea6817e640cd,1320,1320,0
0x9a3c8e5f7dbedf049076fd07ecdfc46b24701dce,12540,12540,0
0x6a75bfd189b5767cfa1e8c60b9f4cfd8586da003,3415.5,3415.5,0
0xe2f9b3c6798876ea4594fc1cb69047b2302a8562,462,462,0
0x91b1f1162f90812b1c56f5120a2d5e7b2014c82c,3281.57110842,3281.57110842,0
0xcf1ab8e682a496f76d9bcc66ccd8826df171213d,3300,3300,0
0xbacd38b636407db220b50449a5833e1b4f92fbbf,13200,13200,0
0xb504d59519800b88f51b1e0c7972e652802efe32,132000,132000,0
0x04f487bdc9e981b9d1d95dd4c440fcd270667bd3,3300,3300,0
0xc04b72ebdbe1dedb5e01802253fbb63606eec7b7,3300,3300,0
0x2570db449b4fb8f267af731faf3767c207744b67,8580,8580,0
0x09ec309fd2b80b5041d5b650c05a97ecc5ce89eb,39811.2,39811.2,0
0x34cc2861eeb213da8bf366becdfb319f16aff12c,3300,3300,0
0x4d04d4e84eef5c9f0fc1ce5fe0cdc076803d0bac,1320,1320,0
0x10f5f9d51a2615868bf88bb2458bf8032fa8a0f8,7458,7458,0
0x7b40a8f00322acfc87b8de8df7324b4071aa077b,264,264,0
0xe791b2472f6ce987f760ceff150aaf719c349c27,660,660,0
0x2cd3bcd3450fc693900137612ce2802350a849b1,660,660,0
0x02f529b68bdd8fc96187fb0f395fbd159f7851b9,19800,19800,0
0x6d60b7205665845ff5e0dc5d81cc796b7601a84b,3161.4,3161.4,0
0x2f4b1186757734d45871b5222118694c3ed3d6b8,1518,1518,0
0xd6d0d4e89a4426d7e3cfaa5e93fedf917bbaeaee,6600,6600,0
0x8a2e87ab0b173a85a60e104ad5446058fc772a58,858,858,0
0x8fb608abbd9b21370d80545caa28af41ef8a6df0,660,660,0
0xcaab95b61f883633ebc17a5a58f349781fcfb4d9,12540,12540,0
0x7712f286915acdc2e55184e558ec3c92caf5ebe8,22393.8,22393.8,0
0x72bb7f752d704dd1bb339fe7ee1330e9b7ab4b69,1320,1320,0
0x1f577c8de8f23150a7b6b1c82f1019f0d8b59d37,10098,10098,0
0xb06527f9635549b828856f68686ce4a3face4c81,10230,10230,0
0x389384bdcc2e71f11790b2248dc743b6f67954f8,25146,25146,0
0x196a8f4dbb874b820d187773b6e94974c027b47b,1980,1980,0
0x476bf20bcaf65bae803f42a3573792b47df0b7f7,4875.222,4875.222,0
0x08d3211fb72e19cd9ef5d27551567a24ec3b8a91,13134,13134,0
0xe2e2e77ccb52941f6e7610f60efa1823fed6964b,2151.6,2151.6,0
0xe2f97fc403b17002ebea8e9508718cc7385a8295,1452,1452,0
0x5154d0ebc311134ef778e8b29e6f29a1cc13dfcd,191.4,191.4,0
0x4d6aaee383d15276a221d51f0eb0efcaa9f3ad20,750.816,750.816,0
0x5398713dc293c6a790473b7739be0f9b25cf41cd,990,990,0
0x81e4033bb0636b00c1436c7df1bf22a4a74f25f3,2455.2,2455.2,0
0xde6783e1f893b39ee1e48702cf11e6c58536a253,1254,1254,0
0x56931f6e997b18f28c5275ae420bee1bcedf6cce,4620,4620,0
0xc80683d42772b28b7ddf3a9efb1b35a31e96c31d,3432,3432,0
0x5a91efb0ca26a81f48b4620b7b4791f7f043b3dd,3300,3300,0
0x85c1fee60f98b7de104179e29c5fde2c1166bdc5,14454,14453.999999999,1e-9
0x55afc343a65e9aaa30afc2aa283dca5a0e0b449d,3300,3300,0
0x590996e0e4166a51e9aa604b32a13bf7d919ebf2,1702.8,1702.8,0
0x943dcf00f32ed8efcfd7f33145a61496af00ee5d,1155,1155,0
0xfd4370c7ebdb41e25dac8a34cf4e13222a166289,132000,132000,0
0x4845347ce1b144a3fe0b7a1a8e1dd991a77d04b9,26070,26070,0
0xbc8592f1a465fdbc24fabe01e97e75a2f6e363fa,2633.4,2633.4,0
0x0fdc14ca9784cba95e9f51709f73bd9000e99aaf,3490.74,3490.74,0
0x02a4e5c31f9ec747fe0ab5457c48283d33c39b45,2006.4,2006.4,0
0x9b2a98c24aa1dfd733fb74984a8ef07776e39042,7359,7359,0
0x8cbb638e8af60950a9b979385e81192c0e984cf8,1320,1320,0
0xaf927650987a4b0048ada00a99df99c34a02142f,12066.12,12066.12,0
0x003a6df5ac6edec6b194a464dc399e7e72b932b8,13200,13200,0
0xa004f1807e02d885d329c3f1fd25653901b0eaba,6600,6600,0
0x7facdc9e34685687f8665b56aa0f618b9241f9ed,9240,9240,0
0x06021860c0af11ceb29839aa78284c66fd3f79c5,660000,660000,0
0xe9bb7243a8fc91b7d060a7c728c61644cb3121eb,6177.6,6177.6,0
0x5b279c406a13a1772c7c382d1096b04a7e65e753,1320,1320,0
0xc2e1555af10375d2f0174268d583caa4d6d856e3,1848,1848,0
0xcea0d7edbaf2ac79c52717e281db440f863e9418,5940,5940,0
0x59a78028b4b0303e07a42614f06a9db211768a0a,46200,46200,0
0x5e2938c3290cf5fac4fe4a21555df0c80da67c95,16500,16500,0
0x1c038b3229b5c1967e2d53422f62ffdda02d5e3d,1584,1584,0
0x2c05300661f8b8459cf09b43d2d8a924456c6a4f,594,594,0
0x0b6ca2b11ee500889f5c24cdb5a229cda885ffd0,1320,1320,0
0x00dcedb40fe78fd036d5e92ad5fc2d819afebf34,792,792,0
0x8a172d513e973f2c3d75a1fb33057caf4c789641,18480,18480,0
0x8e56924688cccdb8d929554ec65500601e4cebb6,12210,12210,0
0x2ef8d17d20dcc5696d571b333f9d3c63d3bdeded,1650,1650,0
0xab58016c3407666bb17a4c1a4914dea9096bbf87,37620,37620,0
0x9d0dea2f55acf2fb28e0ac64a5f1f63d80640b2d,930.6,930.6,0
0xbbc709551801ca32cfb2dcf55dd29d9fd595b6c5,52800,52800,0
0xe2addf8a1358e46f9f72e8d94b9878cb35acf337,19800,19800,0
0x78f6e9e6f569b74ef90efa68bb946c317fa5c903,1320,1320,0
0x9915277e2237a571f211305d4b96a95a5cc2e26a,2046,2046,0
0x3c34ceba1c877a3758051207a8e0bec92441ea28,277200,277200,0
0xb596764189686099cf2e777ab26e01f1067645fb,12540,12540,0
0x9c1db89c58174c90d562dd3412cd4b2ba58f7620,2428.8,2428.8,0
0x6f5ac81eeec184c7091246eb10dad2dddda3ebe2,660,660,0
0x116a1ffb78c6994c8338e7636808272f9f9f5d56,3300,3300,0
0x99a9d2c4dbca1ab05631f4bfdf75abc76ca39983,2838,2838,0
0x75fbfdf7b481a7be5fa0939b18dda6d3837e8cea,3300,3300,0
0x005ec605fbc1328720a862b4540c86ff0b8e696e,429,429,0
0x9c7e16d47a9840e7f91c932e9d00b05a3c055167,19800,19800,0
0x46358860ee06feca9bd83ade31df9364b7296839,646.8,646.8,0
0xa3d357c0e8a759946de76564e013f98f22a30496,3036,3036,0
0x8ad7c876aa579fef23f0df6cb195249e1828cc37,660,660,0
0x25b3bb3f9fa85a7866feaa1cc9f31a8d47becd27,6600,6600,0
0x1edc06719f97607117e6367323deac87ff3f1fcb,2640,2640,0
0x84c0812831187739549b81eec293bd7f8e14339e,1947,1947,0
0x14678c475bde15d8591b5cfb973338a3688aaed9,660,660,0
0x07ff3463620606e7483f074c44fc25c32383bc79,19800,19800,0
0x8564a4d65bf84074b7240da52a4d34f9d490d359,3102,3102,0
0xf7927ad8cd07168be8affa1b453b5b85564833ef,9900,9900,0
0x06cb46cafa120c43a5ffb9c0513c6540ea94f08e,3300,3300,0
0x0681e6274bd1d606e9d192b550fb1d20db47ca85,1320,1320,0
0x28d0f70fa8c6e9657ff1290616b5afcbafb70eac,1320,1320,0
0x5c13686230bc5c1d796aadd605b708ffec5bf120,19800,19800,0
0xcb71fbca8d0617c0ec64bccda544d4dc88caaaa8,3300,3300,0
0xc4621d76daa027f8f7d3656d0b0f48a1bed7fc85,3102,3102,0
0x6b4787ee0b39d848667d3a7237a497650d2d291c,1650,1650,0
0xd0a78d0a65d49688516a8a026e3f8e7ba5938d56,34782,34782,0
0x4872cf570082ca437d408b56d24e793abbf371f1,19800,19800,0
0xce386fe02685c54070131219fa124b482c3b7656,5280,5280,0
0x7f18c2579ba138831f7eafd88b20b472f9f5eaa8,7675.8,7675.8,0
0x5711e18e2f31c50fc77e1b7a8d238fc39abb9348,660,660,0
0x7b944457fddba98bae9b0e08d73bc00871d3efb7,1320,1320,0
0x006ee17e69aada8d46c426ec26ab8a1209d6fc44,2244,2244,0
0x47781528f5629187913e2c08d76cf73cb6e3ab9d,3300,3300,0
0x32c90863b8f4924d752a003ff96ff6b3c025b684,1980,1980,0
0xe3667ae4bdafad97355f7faf27be6acccc2b2b2e,5610,5610,0
0xd8681475db27b31603f86e794b205d88d461aced,16500,16500,0
0xe130554daeec33ea22e0d2884293b3da1f6c7b86,11220,11220,0
0x803c7637d680c8b21c8e42a5a2d5dafd06a6d0ef,1980,1980,0
0xb8028a5e590e615069553599321ab9ae3c2c36d7,13200,13200,0
0xfedf6287adb76a271d33c44d983087f06e262689,3240.6,3240.6,0
0xaa5efbef63ff5fd89d6f0ce21a5e7e349ced1c6e,33000,33000,0
0x60300274df8c4094332d39675ac8081dadf564b5,5405.4,5405.4,0
0xa18a14d5eeee3cfed57caafa124a9e73ccaed1aa,660,660,0
0xb23d9052348961b90af9bfb52cf44597e8c6d382,6600,6600,0
0xcedc93efa1dd364460c3d537e8cd5d8472d38078,594,594,0
0x93e6cad05c1c85fa6d5cdd0222341eed83b21c79,2032.8,2032.8,0
0xba6f2174529173ffbc01a99da53070e31bc4b4a8,3960,3960,0
0xff515e40b26e7f52179d8f61a8463b8a3534d8eb,4620,4620,0
0xe39f721a0974d16c066b65e3d199deb0f73067e2,30783.522,30783.522,0
0x6bd77fb465448709b8bca2a814dd2b72fdaa2858,1980,1980,0
0x482f990559f0f685ad4f893a8fb58873b283d658,2508,2508,0
0xb18c9df61ed48944b6c884ac6100cfa6c0a1e70e,1320,1320,0
0xdf0ceac09ca8eaebc5afac19eefa1ef61a641bed,3613.368,3613.368,0
0x8a4c8ff60511b4d677c2241035a5b1924cd98823,3960,3960,0
0x81d9335cad450641cbde13770c34409de1615a7f,19802.68737744,19802.6873,0.00007744
0x04238f1655a0a3ae6edf222ceb3bff3d345fcba8,6567,6567,0
0x89db3041ca9ccfc8bf496a21f636e57c0aac4092,66000,66000,0
0x6b0162f6169f69962e0f24103f16195361c999c9,3300,3300,0
0xd925a7b1e7618c311fe836fb6218d9a49bdafcc7,571.56,571.56,0
0xe85c687132e380faf6ef81c6eedc2d5bc66b66fc,3300,3300,0
0xaefea59c60e008455d4e9a9819061a298e965f1a,660,660,0
0x878208f685f41f4c8ce3d9323ca7940634cdbd56,660,660,0
0x8a7f72cf1a761893a56349d40718295be42c6cae,660,660,0
0x1917d22e106a03f5463f53b472749f3fcf262195,19800,19800,0
0xe2e0c06f17524ef40b00dc4eec64c3ffbff67cd2,16500,16500,0
0x106f2199328abd810d582fae5fe30f41253afbd2,1980,1980,0
0x61cf029e58713260acdad6e46a54ba687a465064,6580.2,6580.2,0
0x0a3b0594f80734d2b2060a8fae9f78ce8733942a,1320,1320,0
0x477ce093318204e5288d2898acb668be34134a59,2640,2640,0
0x9e2ac2c52858d03effdf096866450bc437a44688,10381.8,10381.8,0
0x5c94565b1d83230d62649ffe8fef08c755251853,1320,1320,0
0x0ea137023246e6070f0a926c2e3becaeacbefe5f,19800,19800,0
0xc2ceab32ea8fd2103467a05a666fd32d7a5cad34,277.2,277.2,0
0xdb3f4793e4aee00ddbfeff4ba3445ddca0fed551,5544,5544,0
0x9b6db39a5d2613a58a4d3e8f097403660dd69e6a,11220,11220,0
0xd8dd4124d766772e033c8229e0bca94ee7c0750c,660,660,0
0xf57d20cc6d7c3f2a91e451f13a2b811cb06ba7cb,3300,3300,0
0x6ca63cc6cebc09452006d2dae3cbdcd2dadde767,3300,3300,0
0x8548c014c75c5089633755e4d61ded6d448e5404,3231.954,3231.954,0
0x3c535a5e159521e6272c03dad1becce1ff0e88ce,4422,4421.99758,0.00242
0x0322fd686489d2e6760c8fb72855411ea1c23c62,1320,1320,0
0x4c48ada136bd58902ce7aac5211f12d97a2b939d,10678.536,10678.536,0
0x97358aad9744ff4d91b95f54600111fd6a6868bf,660,660,0
0x88dd6c8c3e615124604b12d7442c58f53bfe330b,27390,27390,0
0x7bf2f07ddbef9dda3e8e6123e0754d536cb629c4,3168,3168,0
0x8d8016e6640b6d69397e3d0447d71829156b58f2,3207.6,3207.6,0
0xf0b91f302348b1dd7b47b94b5605cf506b1acfcc,1320,1320,0
0xe7d0c3c726b9ed03ffa0a19e7a3970db17602b08,297,297,0
0x8f6d19f57b456d900e8ad5273505a38179030e46,3267,3267,0
0xfc820096d4439da123ded8fd6f224f8d587487e3,11880,9504,2376
0x1a055488b98853944f10c770848743cd202ec6fa,9906.6,9906.6,0
0x11f7edb5997bf8a11f13dd2d5ffb0d971aca8717,19800,19800,0
0x90d2423efc34f2182eb18fc127c90a687fd9c592,16335,16335,0
0xf42eda7c3cf47a3fb0058f29ccf96ddf9f0e34e8,13200,13200,0
0xc50628714ab7bb9e11fd47537a0dbce2e0580cbb,1716,1716,0
0x95068cd85e3109fb9132da465683d3fcdf99f430,3300,3300,0
0xbc57d3eaa7f72399ee1c760e37f4126bba38f120,858,858,0
0x1070e28572a4ac24686713a4612839e03796e0b1,660,660,0
0x9eef45004ee9a4995bb10517f07a4dbb3f02b251,4263.6,4263.6,0
0x0420a5073ab27ff76dd701c29eaa5fd2bbadb69a,2904,2904,0
0x8df5edc049f29fa2aacb98297704bfd1e1f425c0,5280,5280,0
0x541f72061b493d9df4e2e93de2f743d23168bdd3,297,297,0
0xcabc46cfc6be955110cbbf31518f2c131f74df62,1506.4715094,1506.4715,0.0000094
0x5686292a509cffd797c4282e8e42a52e20bfe438,1320,1320,0
0x5acf3cd4c8c3648423a8df99401846b450d8b239,1056,1056,0
0xdbc89c9d250a678c98cf02a468d6b966e438d8e3,6798,6798,0
0x252cacaeedb807a15c7442e3c7328c5a3c29918d,990,990,0
0xcb70b51b0eeb174ba3f2bd191dcb7b96a00124ec,3168,3168,0
0x33f3863d83cc0f7672694a37fc8bc132c8df7439,3168,3168,0
0x6205e862cc82074989ac49a8bbdde7d42f862f6c,5412,5412,0
0xfca3298f672293cea337439458fc06492ab79fb1,2970,2970,0
0xff0cd7a01c3a18f919060f964b8457dd30dcb77d,957,957,0
0x9270c6390061d77689f2ece4a2551945c8677e84,660,660,0
0x878e747e0c87996cf55162b782e567fac6e87052,660,660,0
0xbb8a871d9199fff6bb49859303da23ca576d2499,3300,3300,0
0x96c5094a59780e9d75569a5ff5b97ee9acd559d3,6600,6600,0
0xfa203b3a184b7b2863b3e518b820248c1dd1cdaa,3300,3300,0
0xb624264af798db0d07da15bdb4bb4558abd88443,3128.4,3128.4,0
0x0b362de50c65555f637e4ef4fe8ed625ebb54086,242885.08195776,242885.0819,0.00005776
0xd65e728b2219e34dc04a9fc96aeea4a19cb2b110,6600,6600,0
0x709e8bdf37a1ef72ef4b8984bb9fd611a510801d,1320,1320,0
0x8dc90ce565d0be5c392621a56080f58a3456415e,6402,6402,0
0xed5498d4624b15f5a37215b1e30776944a3c76fb,5082,5082,0
0x09ee3f4a50f3531020e5db3abfe59469848b10e3,1320,1320,0
0x034bb51fa7d64fa37295367a10e84170983ca95f,660,660,0
0x22f6a08b13d46bfac92f45a624dafd3ab4ca5761,3168,3168,0
0x7453697ff21968ebe745f65b9e065da3c246ca26,13200,13200,0
0x003ea3556bb0720913548a1e14e5e583269f4027,285120.000044587158,285120.000044587158,0
0x9a6cdf8221636d503773aad48dd3998e4ae03a5d,19800,19800,0
0xb2be89dcfe3419eba1f72008af89d0fceed70a92,1995.48624,1995.48624,0
0x0f5177f022bf09b3459d52666faaaa5473d876bb,3158.87971278,3158.87971278,0
0x8300c3fa582111b068c4a6d03596635b39d95c18,1980,1980,0
0x67c0fc4b0490ab7e76c08c2bbd30fac0059bbc7a,19074,19074,0
0xd35d0dad9be1ee7f4693f3e84d31e219ebe1854b,1848,1848,0
0xe0b1354ec7f5031116bad76e5d6d2ac5e119a313,1320,1320,0
0xee99022a67130568b425fb1518cf2916b1a9adb3,1650,1650,0
0x7a0c7670551015a50cd992dca64436694596ffcc,3117.84,3117.84,0
0xcee46af2a76cfe0e2e9f5b0e4922aa5e6ebd794f,19140,19140,0
0x2d33be68c5741e7b2dc0e7ab205b35c12083a1ae,19800,19800,0
0x7c78c13e3876b0c86bc5acced2250bd30c811651,660,660,0
0xb347393e29c96fbdd378ab959dc923dd34e487f1,13200,13200,0
0xda6457adc981b66c4d8aae480aee96966c368d76,19008,19008,0
0x5aec212516c0f617e83eb407f0f8a2f792e4ce01,19800,19800,0
0x115b65464043e9d0ad7422f95d1398b593c0efd3,13200,13200,0
0x9488a6a5b04c84425ce30f7d961e03031f5b5175,13860,13859.9999,0.0001
0x392a3eee9a7b5cdf85e9e10a041ba63ba5aa1966,3300,3300,0
0x58ba52775582cc3debbbd6472f4fed07154f4a17,1320,1320,0
0x4b1c7d17e235fa075e432653c9acbc2b2b4c2948,7920,7920,0
0xbf0858b4d399cc1a488963f73ac58211149f85bc,66000,66000,0
0x1c8f53b4bed7a5b74a72735598ecdba5c02e4510,3300,3300,0
0xf7cd363734c90a110c7387718cf105e9c491aa95,1188,1188,0
0x456ec4d3265a0e2c8566728f819737a8c4a9872e,462.66,462.66,0
0x1dc8c703782676a0d15ba324fc891df9c323502e,3300,3300,0
0x021490930b85ec674590088fb8ec933fca722bb3,3415.401825,3415.401825,0
0xef992422dec0f5cd2858f61bc4c3c130b5e2a70a,1980,1980,0
0x9098dfdd9f7db5f667573da7c2c14a241563295e,3300,3300,0
0x911d0d304c43acf55134fd062ccfa5fb78551126,5940,5940,0
0xeb3d22ab11910a397f429b0e93409154f9d48303,5280,5280,0
0x732a5dc023f63db972f061de0953a1f825ab296c,660,660,0
0x16b353838e3a5bf8a585f3f8e528e5976801b5f0,1320,1320,0
0x788d3a2e88cf44b6c392b11f0262f3f93365d22d,3300,3300,0
0x819ab2a9b61e20eee64f481215abfd90ae981586,660,660,0
0xc35ea1d64b85868a52359dc9259c2bfeeba2cc0f,1650,1650,0
0x1c305b01f83a234bc3ab943c97886ed3801a8ab3,3293.4,3293.4,0
0xe63890ab05f713821d58db601ce4834a74e16a0d,405.372,405.372,0
0x75b6d7a0c305e4348b8864751ed1220918326a44,3300,3300,0
0x0d81219c8ed6e4f269fe89d83c224cfd700cab43,21252,21252,0
0xef92841c6bcf0d18a82c1eec172123ac2e6225b5,9900,9900,0
0x30511897c1113809332626a2a43b4bf630e6bd91,2640,2640,0
0x36c7d85b3949e609101e79d51f7c0d70f5e5a046,660,660,0
0x1ae6211f7a5c6988227140ae76ee5e570ce98756,19800,19800,0
0xbc535f097a405f0d492d770351371151cb7af2d4,3300,3300,0
0x4bf032c202fa8379ec1d2c400289a6d8d36963e9,4620,4620,0
0x21be2dd0bc80d1514561388f6a7179629cfa4e65,1223.64,1223.64,0
0x64507cf81365a66eccf03ff813ba424fba981054,792,792,0
0xefe2f4f811667fdfda0c866f47ea64b1767457d0,6600,6600,0
0xc3ac97ef5510ae0f6b0a35f803770f71249ffb5e,1980,1980,0
0xd0cde965c22da3eb9b5f7379df05b5d0a3e2f3be,4783.14036816,4783.14036816,0
0x51e9ebaa1d6b6029c88a42bdffe81ab4956cc062,109230,109230,0
0xab5ef0328da492c2f1de9706db5b36bf7cbbe7ce,9900,9900,0
0xc780aa3411b8da0572652f76167f5c056478cd67,20790,20790,0
0x73c61883e265a49b94055c4d4cc00058f1c9fd12,1320,1320,0
0x62a33454392771e13a1b885066f751fcfea8d3a9,15180,15180,0
0x8e985bcc66988c73b10b7cd16a9296d26e18c96a,13200,13200,0
0x0bb9c0fe1ec66efca104975238498aab375ddcce,1609.74,1609.74,0
0x62a3a4d00bc199f36f15b1c963f146a545410a4e,2633.4,2633.4,0
0xe4dcbe1b96315ef312ad6af61b4c8bb12aa9db09,9174,9174,0
0xb76bca3e1235014d48a920c2e596510202cabca9,1320,1320,0
0xf10fbe174c79f8f8dcaf1acf18e57c826724801f,7854,7854,0
0x9c5d118b8b7bf6f690120043eceb1006eb35000b,660,660,0
0x83bac67fe858118e944ead3f1e893e3facfe4876,2244,2244,0
0x9a0b32374a27ab8535a13566d557130e86972691,4620,4620,0
0x4f8b7bfb2f869992ee4623fd49772a7bdc6e44bb,1287,1287,0
0xc0f0bb853d08b9ad6f59c40ba37a59c9548ddede,1300.2,1300.2,0
0xce884288a4d7c469635792b788f30208b91aaf3e,3890.7,3890.7,0
0x2915dee6b80da1418918a5fe2777cf2ef3a69cac,5082,5081.9999,0.0001
0x61e6f4bb7d04fbe3aee429bc1c7e720d6f4e3bdc,2640,2640,0
0x51c3c6127af000475bf6b81b4469409e42132753,1320,1320,0
0x4a466a7915c2dbab7cdae6a0587daf94d89c033c,2640,2640,0
0xfb945697454c1c22d5f88be5558469182d6e9039,660,660,0
0x74f355aeddfe000c50701d15594e37af63fddaa4,726,726,0
0x10bbd3ab1835a2688ea8f080bca325e29c51d442,2079,2079,0
0xba5bec3f165f1aea16b8a456d941ca404e84dfee,3273.6,3273.6,0
0x81479d439a11f4347492e7d376bbf6ad376674b0,2640,2640,0
0x3b17facdd5e8be0029a68e10743b4cf24f37d030,7920,7920,0
0xc9fd60bb3615af0d69da9ebdb16e35ae5d1d09b2,3300,3300,0
0xfd3490f684f06935d01965fcc1d506f9147c74b1,15840,15840,0
0xead56d57cddd3c1f004a1f194c1c2c519a7ffd54,11880,11880,0
0xb509559372009a06be0321a403bcd176de87ab64,6534,6534,0
0x3c9c9c26c20441952eea67854b15a634dff70219,2640,2640,0