address,eth,att
0x0ecae2c8a35f68b7c974f4c237ae0919d6ba776b,1,660
0x56b291561714906e74023b36ef0ee322ec218f90,13,8580
0x90da381ce0d0cf512e64c154ea7603cd56c0b7ea,27,17820
0x1a88f8c1dcc5c1d4bed42b73ad8b2c7dcb0fb786,4.71,3108.6
0x087396b991c6ce0c0f9812a88047bb97de91ae50,7.8,5148
0xb1647b8b3d011678010a1ff28492e174497624f6,4,2640
0x87069cd4242f430292c79645d2a7d2e29f02ab64,10,6600
0xe446b2db2ad372356c0687e803bea38913fe360b,10,6600
0xe20b5690e137d51e59bafb0fe5503b39a9e1b72c,1.86,1227.6
0x9d0dea2f55acf2fb28e0ac64a5f1f63d80640b2d,1.41,930.6
0x1bcdbb147910afb02719b703cad48955077b5131,4.8,3168
0x96d9cca8f55eea0040ec6eb348a1774b95d93ef4,70,46200
0xa2d9c639a5c27937453d36c0caaf7765dd4025b6,5.04,3326.4
0xacacc26b44fdb92546e95e5eaa2a1a63fbc79ad8,18,11880
0xff0cd7a01c3a18f919060f964b8457dd30dcb77d,1.45,957
0xa5ac33472975d6a787bc66c52d59649f2b19e689,5,3300
0xa2b72004de4358ba489452a03c8e4d4d1e4f44bb,434.526412388944015526,286787.43217670305024716
0x003ea3556bb0720913548a1e14e5e583269f4027,432.0000000675563,285120.000044587158
0xecb11b7b2e61ad61e084e60e4c298e92a7523de8,5,3300
0x32c90863b8f4924d752a003ff96ff6b3c025b684,3,1980
0xea2a3ad7b8627720cd40c86dcf00665b601d77a3,20,13200
0xfe8d488e4e3b613b23cde70a6a9382c34cdcd857,15.21,10038.6
0x937d2426bb29354777ca9ee3642c6d6d05dd81eb,4,2640
0x929c57bddc306357edb10ff43c9b9d259993f8f5,4.6,3036
0x407e82b074d4f58c84066fb681e80e843fbf389d,2.1,1386
0xff2231aa76dc331e0a652af4b61bdae3363a4c49,1.5,990
0x3ef76466a22d69a6cd4b2b511aecec5ec41bb819,26,17160
0x91fd839fd572eaa899000fc9aac741cda091714d,3.51,2316.6
0x882aeb41d6e09640bcafe8d6f05b0b15d5a52d59,37.6,24816
0xc1b7017ef6e5f00ed2dc12671d0b306168a5ffba,3,1980
0x7f182bb43ad2d153f0fceb144f7e1310f1967534,51.8,34188
0xf83a51f004370852041ace197e7ff74d9ca7d789,17,11220
0x8dc90ce565d0be5c392621a56080f58a3456415e,9.7,6402
0xc86742607f712394ac5bcb78c39c9b1396d00777,20,13200
0xbc57d3eaa7f72399ee1c760e37f4126bba38f120,1.3,858
0x4e706e911018be7c3bb6e87701d23374344e04a9,15,9900
0x2fddd1b6ccb971f72535a05ce926d90b2dc59ebe,3,1980
0x18bb4f885e15652f81dde43ac510887ed2e313b8,5,3300
0x74f6000c416e19c8ada300eaab43690baf747d56,5,3300
0x8829883d878282c111319ee0a5e172faa4e7b4c1,9.9,6534
0x3291a1c562d0912ddb3dc9bcb407da76f47beb14,4,2640
0xcc0db916e4fea530b8d8619e5d5d55cd0d58e12a,1,660
0x1ee628df5c59b5a09644e32deaefc260b4966971,6.35,4191
0x09c2065a5c67dcc4807c547bac47b353b5f0ee98,60,39600
0xc91ab57ef5f66c3f117540472f62178f9b565073,6.4,4224
0x2029d2126b7f9cd90a6b7e3e5546f4a2fba4e92f,15,9900
0x8d629c20608135491b5013f1002586a0383130e5,20,13200
0x3f1a01badbdda7eec4e0dc16ce46e27b9958d7a2,9.59,6329.4
0x21468763f7c8035e68bcd1954366824d1bcdd13a,20.96,13833.6
0x2c827ee8c98ea8d6ec4aa5480b50d87f08853204,1.8,1188
0xec286f8be15c3acbcb9eda7a5c4393fd18f44bba,40,26400
0x891a5ad883766ed8c1101651330a6557d5685043,5,3300
0xab3995d686279ad9885eb2cfe6e32c728a7afb56,5,3300
0x94540fcffbfb4134ebe22faa9a4228eb726e8ded,9.6,6336
0xead56d57cddd3c1f004a1f194c1c2c519a7ffd54,18,11880
0xd72075786bfd62112f16281517b1dd9815da7a94,1.5,990
0x7d1a2f6b39fe8baa9ea3c68a1f599231edb433c3,1.2,792
0xce3e7f870147fab82cdf045bb5581bfeedaa76ff,9,5940
0xfc2ff6c31c3a4cd32e193cd61ad376cc818f32e1,11.5,7590
0xb504d59519800b88f51b1e0c7972e652802efe32,200,132000
0x925afb427e147947a4a6a5c3c63f3bcebe316e0e,6,3960
0x17181b6127a1c11c9d86380860058bdca4fdb09c,27.3,18018
0x18e68ba0a33400311ed4e6bfbd42bc5017735ea9,331,218460
0xabfd811636fbbc9bfac9ee6d3bcb85ec88979a86,2,1320
0x2a7e1c4c4734e720b0c7057753d7d985043ea3fa,4.3,2838
0x28918357da4de97dbf3adb205e7ea18be1ff762d,1.93,1273.8
0x884a9205ae3978d9ef74590d0dd4e3eca0fce215,0.46,303.6
0x971985149a04f323759e8362ff3bc4d73dd16b2b,5,3300
0x1e582de78c1cc083a3390a464cfd5e8a591c26dc,6,3960
0x85aab7eaeb552c4e32eac270d0558b8a8d59b383,3.84,2534.4
0x3da78ca393937a8684f225417561f58c8401c5dd,40,26400
0x70eb5022e5f450e685eb8dfc97dc7c2604934815,5,3300
0xb5331318bf5a573be2f043a91daed22615374f33,9.98,6586.8
0xfe58cfbf50f5e4db8230b283184437b29fe11ca2,19.2,12672
0x1dc8ae0fce713795a35bff158f838102ce70af5f,77.382,51072.12
0xa2781fbf8555cfae3f98a213ee60af17295ad156,1.8,1188
0x0164f8914a464bf3b0ff065a517984250cebbaf7,10,6600
0x1b29ae06240a49e282696847837baef4428686ee,323,213180
0x633dbeccacee548876db3444dd0572dc1a33d27e,5,3300
0xbacd38b636407db220b50449a5833e1b4f92fbbf,20,13200
0x3bc56b90788e9a6196a8cd585cc38252a23e454a,20,13200
0x75fbfdf7b481a7be5fa0939b18dda6d3837e8cea,5,3300
0x541f72061b493d9df4e2e93de2f743d23168bdd3,0.45,297
0x6e6913c4edb2420f8bca37381b50142b9fb877fe,10,6600
0xfee1005e198e4895252eed9b842661fb4893f816,22,14520
0xdc07d74e5e133f93187dee39062dfa0aa98c582d,2,1320
0x6d60b7205665845ff5e0dc5d81cc796b7601a84b,4.79,3161.4
0xbfe8926477a1b17ff5f37743e508b09bb14b2110,97.9,64614
0x121231fa85c0453947732b1e902dfafa04c71563,1.17,772.2
0x5387130c8e7270bb702d5cd4c3a6944a6a0821e6,2,1320
0x83cd52ec1be70361e218a2196e04c22d8a4165b6,6,3960
0x0db5d1d9ea7bee55f0f7796a157f2913ea33f63c,4.72,3115.2
0xeb6b552789cd82140fe49440b79c599140efc3e7,29.99,19793.4
0x756761acef35a54b948cc605af0d8e9f48973682,20,13200
0x6ee8a208ae8ffa2814af676dee20acfb74ddf95b,5,3300
0x29c9861cac7a7a24a5b275cf655281bc511a0e45,51,33660
0xbddd5076715f665a4037b48b91bd96fff7a4048d,63.856,42144.96
0xac71c1fccb8bd0f3af2b6beb506431fafb55e0a8,0.42,277.2
0x83bac67fe858118e944ead3f1e893e3facfe4876,3.4,2244
0x0a3b0594f80734d2b2060a8fae9f78ce8733942a,2,1320
0xcff8cdb39327c62adbe8c8f280f50a56e31d796f,8,5280
0x6d6c7885cec20e0f8b929fe7188e39dcc80d57ef,1.9,1254
0xe6b6d1d438c1eb0dc539da51e11852cbb13e0b00,32,21120
0x0085ecfa30ecc1378f4d884115170817ac7ebecd,10,6600
0x3d2e75b1febe9c64651c57af9e93cf66fa86ac9e,10,6600
0xf2907692c9f3ff410a5f93d8295302126869b985,275.16028346,181605.7870836
0xd1a8b3ef24154df24d1b4bcf3baacd7fcaabac59,100,66000
0x765b4d4204155387918c7457a5d949aebfc9ea5e,48,31680
0x1ecf0b798ebb43477b5c657963332d640871a0ec,23,15180
0x72e86664fbfb53710a0e4c3f52c72fee4ec92488,10,6600
0xefcef7f134e8f24890ac57b333a8dc710d0e6b5f,60,39600
0xfb13845443f258f44fe802992dabf8ee4137ab6e,35,23100
0xbbed43a9e00859d23cb4c3cbfceb5a45f06be36d,16.8,11088
0x0064263660518679abe582b9a45892527d58d7a4,10,6600
0xb4c48992800c945a20343780e47fb375872a6749,80,52800
0x39bae30ba03d0058650255bfd2dc4a3fea1ec4e7,4.7,3102
0x74303b81beda2874e4a918a5ea0f292ae89794cc,1.492,984.72
0xcedc93efa1dd364460c3d537e8cd5d8472d38078,0.9,594
0xfd26f25d6588b752a90e600aff038a654d64a42c,10,6600
0xee96b16d4a7c310b1ce70b0340497f81ecff7cf4,23,15180
0x725484fb4d17e992d26b8c9919e887d1c85a1e64,5,3300
0xcca40ad159b4fbea569a9ae71d0273164527dcae,25,16500
0x6e678670b77ced34717458dc804380e0027d2c78,60,39600
0x28d67cca7745e287153c274775739598ace9c0a8,7,4620
0xb0b480efd749c22f1258029352f4408c4c61705d,19.54,12896.4
0xf9fd7c19a7c5e437fd38bc2edba4cb66d1df602d,48,31680
0x6f5abf65e5040e5791b444afd38b2d3d0d822815,17.93,11833.8
0x115b65464043e9d0ad7422f95d1398b593c0efd3,20,13200
0x8c4c4005f0cb095aaa6bfd42e57fda5da256d343,11,7260
0x48c35e7ec3f59972ef2abb72391ee6a33336864b,31,20460
0xf46cf3dea9a29a8257214ded422ea0b07d71eb5b,2.435,1607.1
0x52329c4b6fb01095385808e7abd00bc58c6a1a72,4.5,2970
0x0bdba0f8141f94c0392779ba67582e0302905787,11.8,7788
0x86c33602fb2ac46d1d160c9b71612196580d057c,7.2,4752
0xfb9b642984f216d52dc6fbff0b30f19ecb83e361,1,660
0xdbbd6cfe7a6fc65a7a1e81a08bc71b1296941f48,1.35,891
0xb126eccff3bf55fd45ce1c5bceb48b202779afc4,1,660
0xfbeb09b1ee3c5fe5838676197a9e1eccf3ff290e,91.4,60324
0xbb80bb719b5908a8dca808c00438f834e1922584,30,19800
0x68db66dbb0e93a4ce337ad1a2d867778959385a6,9.7,6402
0x72929d048a1243ea88ab1f948e3c78d51b11b5e5,10,6600
0x9da8e09f81d362e6b3b3834005c6d8a5ac494d7c,12.47,8230.2
0xf31735c11cfb924d01c0018abb34e1eb091cc6b7,6,3960
0x25b3bb3f9fa85a7866feaa1cc9f31a8d47becd27,10,6600
0xbacfeee10c263c4a23b8d980cc92fbf571fcd7d4,0.25,165
0xca78d55f4122d0639f31df3a9746b465073dab30,1.79,1181.4
0x1a389643598c685cff6271bce6cf5867a4a45829,2.977,1964.82
0x757f2039dba62d44a82405899694c82985cbb347,1,660
0x0673e9b46da3509da066af87d5f2094b3f4f3126,160,105600
0x8cbb638e8af60950a9b979385e81192c0e984cf8,2,1320
0x2f8286c0fdda37379235a5bbecb588241756e71c,2.6,1716
0xf195c9d86267f25bb71d4ad86a070cf3df2a6103,3.5,2310
0xe0b2b45fcad2d5b9e0da3c1e5e26295ac6562982,13,8580
0xd65e728b2219e34dc04a9fc96aeea4a19cb2b110,10,6600
0x38c09b946772bdd2f92f4d65033b2d8a1239cfe8,0.95,627
0xfed3f1b81b8e88a9081227315a5fb7443124b81f,7.4,4884
0x190c6493796ead17e6c5a28bcea5a55c0781c61e,24,15840
0x8cbb99d10c6533c8d40ce95037a5c28762ed363e,3.9,2574
0x688d2ef280a0054f27189ea7813471a0c453e928,1,660
0x12b49e191606db0b5f5bb8540e55a9792c0ffcad,60,39600
0x5509fa7c19f7d66ab66ef29b87e4b7e860208e9b,90,59400
0x0d9a8bb3b85392b2e0442defca482d72f01509a0,1.5,990
0x669a7ec3c8404a3bfb32c3cd20bc430b607c0c21,19.77,13048.2
0x95edcfc6d30ae64e51e1e354a6f3b572774e194f,30,19800
0xca112f3a2141271539d946878d155332445d4551,2.3,1518
0x3b5d0f9e9429da1da1849ec6e644ec9f9475de63,18.5,12210
0xa77ea6eca6f8ab076270cccda2dab6275f6f175f,13,8580
0xeef84203798d9707c61bf62f263990a1c46ed002,16.4,10824
0x61413367a7c98df57bf235034603046391ee0a61,2,1320
0x049920fafac95470624f01293a17729ca70aca52,10,6600
0xe0165837f8a82b5cd46f407bfd89fb58a51d74b5,10,6600
0x025107701002b084ff9f3954a8510a7a4de63b61,5,3300
0xe09332c7b1fe72b82975469f795332e922f41c96,10.5,6930
0xc3b74f74c0e76cb9304f1cc528607dd7d642b05c,1.5,990
0x76ac73667d7321e888f52f9062608cae7b04f638,1.42,937.2
0x9fb7563a1969f034e8feb83e499c967d31538e86,4.7779,3153.414
0x5aa6deabb1516952206ca689abf9262bf01d589f,4.2,2772
0x72bd3b28a219ec456edd4878587a197df693d432,28.7666666,18985.999956
0x7b944457fddba98bae9b0e08d73bc00871d3efb7,2,1320
0x419d7b7a74e2e218db399b927fee63d312d793a7,9.96,6573.6
0x655d2e4e997040752edeb3f12808300e46d14e10,60,39600
0xdbc89c9d250a678c98cf02a468d6b966e438d8e3,10.3,6798
0x0420a5073ab27ff76dd701c29eaa5fd2bbadb69a,4.4,2904
0x58f752716d61799e6403c346e98f5ab1892017ef,17.37,11464.2
0xc8ecb6c26eeba19c409a94dd86ad810c4ba90d69,4.95,3267
0x6f13cf830f4c42f269fc37f261ccedae57bf4b7e,8,5280
0xbb0f748fd8d5c315bcd03a55c737eadd8409491d,3.5,2310
0x74769983eb772d867b372b7f62af1bb8cae0b528,4.99,3293.4
0x2404a54d8b03b307d5c7b3ab0c425eac658fd496,2.78,1834.8
0x33f3863d83cc0f7672694a37fc8bc132c8df7439,4.8,3168
0xf57d20cc6d7c3f2a91e451f13a2b811cb06ba7cb,5,3300
0x8e5de5361cff532da9eba984ee75b2067294564d,10,6600
0xe1e15d0021004c6933089624667b867713122ee3,75,49500
0xc3bc30618bce448249f6a3c062f69187203a3c8d,28,18480
0x5b81d60fe7728c0e90e4dbd046985e92767f734c,19.1,12606
0x5bf4a79a0bec1abec595c706bd16b783d3e6a9dc,10,6600
0x97358aad9744ff4d91b95f54600111fd6a6868bf,1,660
0x555bdae8a05d8b58d25341e83e84fcc45b3e0154,24.2613,16012.458
0x04ae2ff50bf6437e3d854acaff41548648dc954d,10,6600
0x5a91efb0ca26a81f48b4620b7b4791f7f043b3dd,5,3300
0x2decf8bdb99c83c21af69bf7f9e6bd61c8c83138,10,6600
0xd5e01f7e66b16cf41022a0a01b69183f82425c8a,5,3300
0xa81ed12903e8951d602698178d83db7519e16dc6,3.3,2178
0x428bc25e23129adf4f3ae897b62944d4c87dd4f4,1.5,990
0x88d5a1d47478e78006ff7908f35afe86e2b59697,0.285,188.1
0x1acd6e71f00e241b0f776f4619ea1eb4920a0ca1,2.89,1907.4
0x3d30b9f9bf8305b6145c6687b7148a3a0e7ea35e,2.15,1419
0x36a5c21b4c469aab190e1860e618a38a05f11c26,5,3300
0xc5efe0f491aeb5d2e03143775f33135be0cb9a31,65,42900
0x4b1c7d17e235fa075e432653c9acbc2b2b4c2948,12,7920
0xd53e0f83ddb6fd7764b165deeab0933f0fc7b2d0,0.93,613.8
0x81cc65f9c675ef032f1e3b4512949c1e1fdb645a,7,4620
0x6968ced42dd9a5e4c5143ade19a6d076857c288e,191,126060
0x27d8519774c77bab85031463f236c702c7ee8bd7,13,8580
0x21f2b62bbc0851c2b58dbf5d8c66cec48818b4df,24.96,16473.6
0xb3e1245c8d9c194c702799504c2219a9535e5ae1,7,4620
0x9d446c034fbdf3ac2cffb3beeb66c7ab33e206a2,12.9565,8551.29
0xbed7fc5a011cb6ac5a14fb86c1ba893b40acf1e5,11,7260
0x647e7aec62b051a9b7f178302f40178569d0c318,3.9,2574
0xaf5958925efb6a7175bfd9cc609bc561476d47ea,16.5,10890
0xcb71fbca8d0617c0ec64bccda544d4dc88caaaa8,5,3300
0xe5590167212ca6a205af158eb03a909b1bd3e9ad,31,20460
0x7e8f165aa96acdc4f890e70421519953f87f75d3,1.98,1306.8
0xcfd2bd2a86152bf48b1cb9ab2e52c19d5717fa86,10,6600
0x65b9a8dd00aca2fe25cae3b20f972fec614eb345,12,7920
0x242765fea89bb61a4f4abc555334245226b2f3af,23,15180
0x10f8e31455da169829272ae4650edc49a9db3314,37.1212121,24499.999986
0x8b018941399d1df7bde73cfb816e01a42b0c0ed2,1.9,1254
0xd004131a9ffe288b7c947edc18ccd7a6dea14066,2.5622,1691.052
0x7e31523844990d263dfe70cc7fa6a1adcae67d93,20,13200
0x6d7ead5c3230ce718da8f8c7189a183170329a8e,12.0366,7944.156
0x5b55b4782ba9ee6ad58f72ba1e5b69b83f9788e5,25,16500
0xa601d198a369b51400931f2964128eabeca51082,11,7260
0x78f6e9e6f569b74ef90efa68bb946c317fa5c903,2,1320
0x27b19367b984db545223e7a5581d4bb5d5395b46,50.1,33066
0xa18a14d5eeee3cfed57caafa124a9e73ccaed1aa,1,660
0x7a43112a2a669e25774acdaefb4755b953ede791,10.2,6732
0xa2f3d4ed23b0a61f85e761ed29bca933e8c3ac69,45.06,29739.6
0x9c9e7032c762da3855cc89ff5ab301c7aed6271f,2.4,1584
0xd8dd4124d766772e033c8229e0bca94ee7c0750c,1,660
0xf86342e44ea9f8a20d74b8d9992e27c6f911e032,27.72,18295.2
0x803c7637d680c8b21c8e42a5a2d5dafd06a6d0ef,3,1980
0xa867f96d53b17286f4b84fb98e0f1dded459f982,10,6600
0xf30c6659dbecfc3bf7c27a8ff1a0f62bfc6acedf,3.3,2178
0x7b39c44fe04294cf59f34d345b399df25c470173,182,120120
0xcf9ed8d28d0028d6608b27a6816a16dab799506a,2.0082,1325.412
0x28ef9936277be849c413720332b6a2ff84ff60d0,5.9883,3952.278
0xc04b72ebdbe1dedb5e01802253fbb63606eec7b7,5,3300
0x821aac0aaa1d847222b2120b17a2ce3114617bfb,9,5940
0xc4b1abec2c76f6c86c66796934aaf5119660e723,20,13200
0x1f577c8de8f23150a7b6b1c82f1019f0d8b59d37,15.3,10098
0xe95a0b7851db5423d0aadc91bf963eab02c6d440,8,5280
0xd4e96907c1e42b3f877876103ff90a02b1fe6cc9,0.7,462
0x6b89a07261b0100c83a34f2fb2e4c9079ca31287,5.6,3696
0x5c5058d8c342ab10e9e70ce6391ecd9524c941f9,20,13200
0xc8bccdc356e6c095bab67f965a41cbaa4769a647,2.51,1656.6
0x02041458783b6a2b24828f3db9ef66029d685bbe,1.1,726
0xc7bdc55f57f002114beb6fe0e4b342d5cbe52017,10,6600
0xe21ce7d5fe7c3135fbafc46366a296920a94d13e,2.89,1907.4
0xb2d1ecd686d17d831e0bde1813ad0d18c9f1c3e6,6.5,4290
0x9911ed8796b53349e2cb0092b5de05ebf7019581,21,13860
0xf17ce5c9ff333d4f0d1edec48931ec1fb7dcf983,5,3300
0x5ba3750a16b1f63b2265a571bf8920e218f077a9,12,7920
0x749dec1ac3478804db7fd795783b1a0bfec76a8e,15.8,10428
0x8e56924688cccdb8d929554ec65500601e4cebb6,18.5,12210
0x74ec5515d15fea7700274b7ab4592e15ff3c216b,20,13200
0x5ac4d0fab7b2956997a6fc5cd3daddf0f1ec4e91,5,3300
0x5f5f57555353613927a1f7e0b3ea4b552c08cfbb,15,9900
0xcf9cd2b70e020199f3dc4d72c718e1805fcb21c3,2.9,1914
0xbc8592f1a465fdbc24fabe01e97e75a2f6e363fa,3.99,2633.4
0xe7d6c18538e04354bc06a69a7fcc39153a3150e5,30,19800
0x78bf0dfd367a27998a90aa0637b189015c0f9617,46.57,30736.2
0x32ef0b385faa0a80b940a9aa3da3d4dbf127f0a8,3,1980
0x2e0eb42ff27152944336de241c8918a7b28bc373,2,1320
0x9488a6a5b04c84425ce30f7d961e03031f5b5175,21,13860
0x06dceb7cf859093467ad75d8c4693cdb45c8ded2,5.9,3894
0x6f40383f2db2515e0031414f8b6de77b354637b5,0.85,561
0x827b37f62b44b0061e5853696ff23d72fbac8861,4,2640
0xb43bf7e552cec66444b3f60ecc203ed61d3743ec,16,10560
0x8219fae0cb0e0fb75a3642a1593abd51612a2d4d,39,25740
0xc9701806dfeb12af490b312b05e44b39c33eee6d,16,10560
0xaa5efbef63ff5fd89d6f0ce21a5e7e349ced1c6e,50,33000
0xa4f0524775f3e495d79807b988adc6b57b8e46b6,2,1320
0x8427284f780209d126a9c7653f74763c9d4698fa,5.2,3432
0x5c663e1f378f855aa500547486f42ce7b987ca61,20,13200
0x2d69fb5402801f156f89e01388014670b76b2a5e,30,19800
0x7431bbec239c189e57fed6f548b396003e047947,5,3300
0x9defee43b1dc01a4f8c67226e6ad911164806eb7,2,1320
0x2bffe52507f3855bee15da62013d842b252998ac,4.9,3234
0xe3b5e8c35cbbbdaa3dd973360fce9d8f3e61b5cc,2.967,1958.22
0xe8ddee82e2ee2661c6adf11faa6c99555e301dc0,2,1320
0xda16e78876d535687231a4bc80314b0f13ffb258,1.1,726
0x32e843ec6b0cd931ef8974dd3570c4f95d5d1ac3,2,1320
0x2570db449b4fb8f267af731faf3767c207744b67,13,8580
0xc5ce26469794d196f16f4b83422bdae40f610dd8,3.6,2376
0x82e84b0b35728e8f518eb644b5da08a2f11b6c96,0.487,321.42
0xab530a444525d5cd2d3e33ef0e4f2fa8494e07f0,6,3960
0xb4e0ee1888d1ae270cd110aec486f7aca3e71f43,327,215820
0x71bc98ca7c9f493d632dd167c414c0c423944973,20,13200
0xfc820096d4439da123ded8fd6f224f8d587487e3,18,11880
0x8df7c12f05b1bb89e8ea7bb9f5973f8622f5cbfc,2.7,1782
0xd6d0d4e89a4426d7e3cfaa5e93fedf917bbaeaee,10,6600
0xe46028f1227dcd4278af477550c75165522156b0,23,15180
0x06cb46cafa120c43a5ffb9c0513c6540ea94f08e,5,3300
0xf7927ad8cd07168be8affa1b453b5b85564833ef,15,9900
0x4abeacf2246a14270c5391f014295750c372d1f8,22.99,15173.4
0x97f3e6408f9679830cbf93b57b30693be566939f,30,19800
0x961fdebd28d792a2da9fcb128bdcfcc33635e179,22,14520
0x436df69c7ae4038a3ec6e8a4fcd6ea6817e640cd,2,1320
0x40d4aad72c0a8e271663ef0049e816125dd5fb67,32,21120
0x4551171e62a89136421e50cc790625fa979d9cae,30,19800
0x8ea3dc1fa3cad499c91a7a580e47454197918ebc,3.43,2263.8
0xb0fb18334e54a4ce487b6fb1530e1678fe8bc671,10,6600
0xccc459742ed707496dbecea1f89c3598d2c4ffeb,12.1,7986
0x777340d32c9baeb7344c69627e1d92354e2bb84b,50,33000
0x744b2ed683a0ac9d4dc0d6d127d359a717d399ad,48.7,32142
0x53c69ec882de00c1a8ab951720acb6fe19eeeace,46,30360
0xdd7598718355b3bc1b2cb2c3044496cefe47ead6,23.7,15642
0xb186f31036e75b49574be6a03800199b9b07bc5a,11.366,7501.56
0xabbe8d60a6815fffc6b42c5d600cce4f320a4738,25.1,16566
0x296158a8f9238fd6e335ab10c293b895d65bde0f,23.8187,15720.342
0x5398713dc293c6a790473b7739be0f9b25cf41cd,1.5,990
0xc828b5417807a9318b22555b21ed25c3bea334f6,2.2,1452
0xac9655475b896493ffc4cc12008d51af15143945,3.4,2244
0xfa860c45e12273d61d1721d4dcae799ffc5cf743,20,13200
0x7a23aa37d5070b30d16b3113721c0ee9186e7bbe,82.3,54318
0x10f5f9d51a2615868bf88bb2458bf8032fa8a0f8,11.3,7458
0xfb7e75c9db1462346bf7021442752552fdde24ab,1,660
0x41035eb0d4049061a61ede8514148db5ca1bd5db,6,3960
0xcd4cfb19fa66bccfe58cabf79f4fabaea8dd0993,5.5,3630
0xcfed941fa4d53566dcd15ed6a0338022565a6fec,17.17,11332.2
0x9847288c020f184865794137aa1f94e50d72c4a1,4.9,3234
0x386a3e19a251ea8e42a0353a90ac2aa45b5e5ec6,2,1320
0xf0454498cf1b0d1f23146d90556f251e230e688d,3.94,2600.4
0xce855cd625a5c04f93998c80e4388c8c11832ad7,5.62,3709.2
0xd3f1bfcd0b28125cb5ff975dd02a36dcfd230453,35,23100
0xeffac488953982ae1a8856e42a8fe3c9f5d174d3,20,13200
0x1c305b01f83a234bc3ab943c97886ed3801a8ab3,4.99,3293.4
0xe9fb805561596a3196869e840064f1f6020a47a6,34.5,22770
0x598cc0dfe6cc30f74af074b6e067984d637d6f15,7,4620
0x1bbd5aabdad40f083409aa835fefa73af811aa68,9.5,6270
0xe9d4b682d6fd4ed99f40320ac6e3a1ba876f64c9,5.7,3762
0x9b34dca500315e0ae1f4cd649767e2c687aac1e4,4,2640
0x9e19616b9a2722d3a3e256f8f6ae35832ab1b937,2,1320
0xd735c355c5095bf42069353cfd2b4f290066e8fb,27.15,17919
0x67c0fc4b0490ab7e76c08c2bbd30fac0059bbc7a,28.9,19074
0x687f04a191640b4c1f1e3e0211e8f6d3a3a98f00,13.7,9042
0xa08933c9847350f1cfc04ca1d5d323e739f27a91,7,4620
0x0a4db221048ac9edc93e4bfbe33900a57eb8ad57,16,10560
0x686789368a836d5c60d1c5f69efaffaf8b5cf293,14,9240
0x1bea1a886af5ef1d94c74b52c81d902c7a3a4274,4,2640
0x4b822477b3835d3afb4fd0d3d7d6ec5ca63075e9,7.5,4950
0x6f618f791ad097b1dd81c854b2548f662d218ed5,14.1,9306
0xcc60e324047713b63c651240f1a96973eaa3d267,4,2640
0xb7fc175d8cda85c2df6f8c3f5f09d48e600aaf48,4.6826,3090.516
0x20126d49d7b2910cb4a6edd2da18accf21040b87,10,6600
0x2a88daa1598fc96bf9362359b41cedf16b0bdfa5,3,1980
0x04a2f86324f4ce57e9b65e36403131face6a3fa5,10,6600
0xa90a918181486d42dcad3f68d10812f87f03d757,7,4620
0x00ed73ebe9e8165eb9f9e9acfeed4090b9dbb44e,2,1320
0x86f86d9c596b5087b65b5d056c1bbcba429abe5f,3,1980
0x8f63cfb4b166de87247ab9d6ca4d9df38945a935,9.5,6270
0x04f04c5f2e735a223fdefe94c94978f77c344fb8,1.374,906.84
0xf8bd08e90c77f540dd4cd17e32be039f027a2074,23,15180
0x70bf07e3fbbd352d9f632dbc242e27d6789b41ad,2,1320
0xe8f0e3751d31e8588edc99a7522edfc51a6914ae,10,6600
0xbdbf3a471519d4815682e028d18c22215e287489,1,660
0x56931f6e997b18f28c5275ae420bee1bcedf6cce,7,4620
0xb7ce26b8ab1175a122e86a4222060fa54148d405,4,2640
0x1c3f651b71b8d5d750459b3c0e81dda1a3d9b0d5,1124.72,742315.2
0x729795566019821e4568a875d68ef6fe3cf1a7cd,0.99,653.4
0x106d77aa34d1fedbcdf0cfc17d140745aa5c2626,2,1320
0x30a6833f31f834e93afb8519f1ae3329177e0d5e,2.7,1782
0x1793e849621a4816ac16d57cd3fb6775a854af99,0.95,627
0x5d36695c9dbd887edbcf48cb19883cb9d14c78dc,0.507,334.62
0xfd4370c7ebdb41e25dac8a34cf4e13222a166289,200,132000
0xe3b9c27998c819db1dc2b2850dea4b702e656c39,10,6600
0x28df9867f76e6d25629dfab3ea828a270c862ac9,11,7260
0xc72408163513f007711dd724a20a6e51a7d58926,2.1,1386
0xc36cb24f25b9a8622cf69c459b8006285fbbaf85,0.877,578.82
0xbcfc42dba87efad51d2fac347377a96e9413a048,17,11220
0x14ce3e82f0b4278c2661de9ec6f81e8d8810f65e,30,19800
0x59a78028b4b0303e07a42614f06a9db211768a0a,70,46200
0x7bf535579b55641051b17d6d54ebf0c125c1dc52,4.91,3240.6
0xcdcb251430950b037a666a6cdf3cc580e29b4f69,10,6600
0x878208f685f41f4c8ce3d9323ca7940634cdbd56,1,660
0x1599c5236ee87fca2bd47803f59924088b4a9ce9,1.76,1161.6
0x399dd892a6fa43bf8b57412991a5befb1471c0e0,3.218,2123.88
0x007cb716c24d4becf3143a8f6ba7418ccc05a544,30,19800
0x476bf20bcaf65bae803f42a3573792b47df0b7f7,7.3867,4875.222
0x3c34ceba1c877a3758051207a8e0bec92441ea28,420,277200
0x50f1cdac55198548523fa3c28b1eb43781e7d3bb,4,2640
0xa55d15f5331e32b45d78f80f7eee58ec16992427,10.524,6945.84
0xe15a77fb4e1da6279043ce7ca8f80a4b9d44aafa,2,1320
0x4845347ce1b144a3fe0b7a1a8e1dd991a77d04b9,39.5,26070
0x3fd0c125ffa046bcf0fd19a49689b329c957686f,14.98,9886.8
0x5432b771281544dbdeae45ddab733b010b753581,9,5940
0x8dafb76671ada5a6852b1640f3a3ff562880179b,100,66000
0x005ec605fbc1328720a862b4540c86ff0b8e696e,0.65,429
0xe7f9bfbfcfb952caea439786a16e3451932fcd2c,6,3960
0x9e50a8806358173929ea743aebdaed6198b7c073,9.37,6184.2
0x84d2d6e93167c703c581749a0333830a1cfae62e,9,5940
0x7facdc9e34685687f8665b56aa0f618b9241f9ed,14,9240
0x9da4c3c2b3e1fed1429834e595671b8e63352a33,5,3300
0xa3caf72ba55d3573a341e4a0f6e99c04181be147,40,26400
0x4bacd5de8c5fe95f91a6ef87261b9f7459a009f4,20,13200
0x8f6eac03a78826f45b0ec65895cbc852840fdabb,3.29,2171.4
0x299b373c3a3457f8488404b314b749589d58b3be,30,19800
0x690ab35a46b0cd24c37ef0008a1e9aadc57d5bb0,38,25080
0x4ae706d9ac92db881cf9a6ffdcc782e5f3ef8a4d,20,13200
0x27605d214abe10f373347096b2c1ac25115ad8ad,2.5,1650
0xdb685c05ca883bfbbfba4ef6099b11de8fb4359a,7.77,5128.2
0x48a9789428f2067338d02b1ef3612df64f05feb7,0.94,620.4
0x64507cf81365a66eccf03ff813ba424fba981054,1.2,792
0xfdb9785bae16a3e0be5d0a19fac05f77114101f9,1.3,858
0x2ef8d17d20dcc5696d571b333f9d3c63d3bdeded,2.5,1650
0x1f7e549f4dab19bcdcb4f3db61d923a8ddc02a20,23.04,15206.4
0x478ceb835d62bab854082554258df90359cc9f56,0.4,264
0x621b9f61b09c9438a5e0ebf5d6e37e075178015e,1.1,726
0x337d2aaf6234c9a360e1ea7017ed36573660a789,0.992,654.72
0x1d9b54362d03d01dae17ef4289adc44a0ff3c831,21.6,14256
0xba037f6259f2f6059767feaab509cf9ceb2ad35c,23,15180
0x8aaacc43a9df168e288b511a853a377f8ecbdfee,7.4,4884
0x072a1465f5583adb2c7e104c27a42cce379bd217,16.9,11154
0xb7280d6d3ee06ce4f5996652ef76857e9ff94041,6.5,4290
0xd1338fac99994fac1238eff3a38ef258849c2c9e,2.5,1650
0x77fef6c05a7d914122b78d2d93edad98096502d4,10,6600
0xc73d2e3d55b19ece4f5ce9d45a27e0fcc68a6c60,50,33000
0x6464c84c313c6a52a94360ab7d589ffc6ee4baa0,10,6600
0x6205e862cc82074989ac49a8bbdde7d42f862f6c,8.2,5412
0xf119106ee255610f50a2d33d530b74061a789ed2,200,132000
0x66e3f75308aba24eadb144eb7e300f375338401b,2.96,1953.6
0x1dc6c41912e77cdc384d6e31840ff29cc9547199,4.35,2871
0xe2e0c06f17524ef40b00dc4eec64c3ffbff67cd2,25,16500
0x9e2ac2c52858d03effdf096866450bc437a44688,15.73,10381.8
0x101f64fdd3c10c832e9384ec46a8da1e69a5e519,4.5,2970
0x1a361e8974ad9bdec806e0e62c8e189f138e8ce5,1.542,1017.72
0xa8de112551333323e464f26fae4b04e26ee394db,10,6600
0x28043921dd87c92412dcf3b3c0a3bc2226f5f9ee,5,3300
0xc4cf4af88bbeac17ab1ac78e5f7a9c4fafabec6f,6,3960
0x4abfde07f9e2063de98d3f9e39b18bb537f2fa2a,15,9900
0x9497ce71e3cf2123e507786e22b67cc367a14eb3,0.5,330
0x6078496983bd23ff623a24676078745064c2f928,1,660
0x9270c6390061d77689f2ece4a2551945c8677e84,1,660
0x0c258e0b2b9be3d980d1dd09bb25ddb303101142,50.95,33627
0xc270ad2e1b53fea3b644451b33acaf48fec6e798,0.88,580.8
0xa693a543dcb6760c6b6a0336e6078e4258f6612c,23,15180
0x489520fea50956f7cb49d15fa176a6fd8c0c704b,15,9900
0xd6875d700d73a65c49b103782e5c99d0e5535a02,6.05,3993
0xf54acfae94dde6626157c531e267bda8b8722ae3,4.97,3280.2
0x8f60895fbebbb5017fcbff3cdda397292bf25ba6,33.2,21912
0xab98af7b4f985b0b6340f710ffe682c007e95215,79.86,52707.6
0x47a9f552f6013f32613d05277678448fec85fee1,3,1980
0x61a3514038653fb15a4eee6e0a4cebf8ac934888,10,6600
0x404f4c126df0127e5bc3ecf2d566099fd29509e1,3.55,2343
0x06eae0d354587daa9d7bf566ac395187a351b6ab,1.97,1300.2
0x0572bea979f6cdc3cb2382e71ce6e74acb70aafb,10,6600
0xa5dde8388e3c5816311af7839f4a60336cf57a65,10,6600
0x816373c4a862f2f7828b0dd4f1992e2a0ba0dea7,30,19800
0x6b7dfc27f0268cfc53eb06026b685c29a14b69c9,0.3,198
0xa73b5db77c14cbc753da35bbf8fef7888d46c69c,25,16500
0xfa65f83284f839c80ddcec0fe723455b34176dec,5,3300
0xcc509818388d3b17737ddc62436738ffb0358230,22,14520
0x687a67c0bc1901d6104c22e61614b9abec42b61b,4.24,2798.4
0xef56ea2ef4268942fe0c626e19f28b1ba0c0fa90,10,6600
0xb24eb259a09b837e4176efb03741cb45ba3b0a89,0.41,270.6
0x0e57a994a01b025651b0e2c6d18cf482ea72b445,25,16500
0xa9466705ae3a08a28ed5ff646f8a43b4fc9f4443,20.1,13266
0xe30d5cc1af38b8a2f9bcf55089d3021ccb7ee4d0,1,660
0x137bd809fcc9c91e4c2ec9c4269571794cdfa8d0,15,9900
0x0fc48b06ad80f89f2cc12c015bb72bb1887bf631,3,1980
0x90c0fc8a3a40f79f5bb582d82b95a5b8028445c1,6.02,3973.2
0x482f990559f0f685ad4f893a8fb58873b283d658,3.8,2508
0x51e9ebaa1d6b6029c88a42bdffe81ab4956cc062,165.5,109230
0x8fb608abbd9b21370d80545caa28af41ef8a6df0,1,660
0xaaa04e5085d694a1c5345df3ce0a6edbf04a681b,10.5,6930
0xe2a23127dbbb99a18418a2a3cfb537760429f44e,15.8,10428
0x82764a229a6e359e0ef476666f6842c3121a736c,9.1,6006
0xd0613764b6adb448f2d8ee703d02973a6e1a2996,10,6600
0x49f0ca28cdb49423802009f817db8fce3809dafb,30,19800
0xc705b9ea2d24ed19577293482ab8bbb3dfe52175,9.6,6336
0x5059dfb92049945adf13f0ef6ae7fa5f903f53e5,3.9,2574
0xbea29e3d2153cc5473435b78f2a698363d6a0df1,30,19800
0xef992422dec0f5cd2858f61bc4c3c130b5e2a70a,3,1980
0xa788a3350a9842dda6849425308345375001e502,5.01,3306.6
0xfa203b3a184b7b2863b3e518b820248c1dd1cdaa,5,3300
0x67705fc94d74fae49b47c52395c84ca1c50aca57,7,4620
0x9a6cdf8221636d503773aad48dd3998e4ae03a5d,30,19800
0x8faef0891ff65e7e80b5d0410ab14b5db9bea250,10,6600
0xeed67a55986ffe1ac3f7a05f1d13c2ba3b9e7000,8,5280
0x0079bf6868cb1b7cf4a451311fd70c348f3ed38b,2,1320
0x00dcedb40fe78fd036d5e92ad5fc2d819afebf34,1.2,792
0xd2fc191ba5f261ee3262b2c43160af9a848c42c3,0.9,594
0xce8c881878eeb10680e1123314ba65144158bde7,7.7,5082
0x3a3d1896d3b0af2c2f6796b34cdac2a4badcdc06,5.88,3880.8
0xcaa75465ad34368428a6c86b778e16b841fab90e,0.49,323.4
0x006ee17e69aada8d46c426ec26ab8a1209d6fc44,3.4,2244
0x00a5c04bea1928a24fd9083d46728a84316f8545,2.4,1584
0x001a4f7b93ed3ffbe1bbeb540aa5df9467423cf8,23,15180
0x199688e208fa29f3a1abde34b1097677a56816ea,3,1980
0x252cacaeedb807a15c7442e3c7328c5a3c29918d,1.5,990
0xbd09cab0d12012db271c24d27adb305bd7124b02,3.1,2046
0x3aea1b278b638b8517bbb14b1366abac7f3cd90a,4.8,3168
0xbb745cc21059539a39dab6ba59491837b16fbe54,0.48,316.8
0x650cf1f19cc2993fdbe108c14ea6e43d464c4a74,2.986341238,1970.98521708
0x3d36b8469618320f07118c03319999ca98adf0cd,14.9,9834
0x888885a2c067ebbaa5aad9e878f1949471e174ed,37.5,24750
0x293ab6ece1c762038d8977f7203af8679f65eb75,5,3300
0xbb44cf3487951b9af87e4d3130016e67cc544a61,14.3403,9464.598
0xc8dd292c1d4130d6255566edb94f5a2738e56d4e,30,19800
0xf55d2fe47762045b2ca0be45eefd65626fdf17dd,5,3300
0x6b545cf7e9cd9ce5d26d871ccae6e675a2f60b6c,4.8,3168
0x4518b0030e91d1bd3870ef20615320ceff6eca27,6,3960
0xdf7117bf73131db0e1bde2f43a13796ee2f15582,5,3300
0xf72c34588fc9052095d9b85fd0f951759cfc4413,2,1320
0x65be9177b697ab4e5e56141a05e4e4a05e02293a,29.95,19767
0xf0900bc13037f775bafa917663250ee61b80134c,4.9062,3238.092
0x43b687b0a11718730c562ee32a103d93bfe458bc,70,46200
0x9aded135c1049bb75bc5a5a537af3c6fbea80e67,30,19800
0x6edced503398d0577586005830cb0da247420073,8,5280
0x16b353838e3a5bf8a585f3f8e528e5976801b5f0,2,1320
0xc9d385cab197e039ac1234b518f44fd811082273,21.5,14190
0x6d8023a953eaf6a1caf4207cb9540164544251be,12,7920
0x14075a767da79ab7dc7b1e941d9580b776bf5a27,10.1,6666
0xd0a78d0a65d49688516a8a026e3f8e7ba5938d56,52.7,34782
0x9d2ef677f859f248c4f92ddcd52c1785335e8a44,3.65,2409
0xbbc709551801ca32cfb2dcf55dd29d9fd595b6c5,80,52800
0x3019225e2fb3a6639cefc33eac49465427c0acde,6,3960
0xd0078281d7f62a68765b422ea8b24266d71ae4ed,111,73260
0x169d6b29405e725947be8a308a44f5918815d869,21,13860
0xf641f0088827e2cd52b11d2864cf885fdeba31b1,30.4,20064
0x5a9fe3efec3050c2272efbe2ce729c50eb5f6d5c,2,1320
0xc2537b5fa61aa6950edac69af16642d67bd6ac9a,2.15,1419
0x22f6a08b13d46bfac92f45a624dafd3ab4ca5761,4.8,3168
0x3d991d6f8d7e1438a94ef4775b27993fb3830619,0.04,26.4
0x7430f26b9f52b81b6cbaff23e3e49c64cfe70ce3,32,21120
0x66038c2bd00ce274084a81a3e773b582048888b3,5.95,3927
0x30511897c1113809332626a2a43b4bf630e6bd91,4,2640
0x968546e683d5275ccd045b4c0d45fcfc1b1b238f,2,1320
0xd78de064cac5517360290dd84e710b2c277852db,16,10560
0x8b483e7e98409302a9908250084b79ed201526e9,30,19800
0x0d705921ef6a86d0835a0bb8c983c1ebbc18587e,30,19800
0xb2be6d8e872c7b08085d9dce6afcbd0286c75b0a,9,5940
0x99a9d2c4dbca1ab05631f4bfdf75abc76ca39983,4.3,2838
0x6b163ca9a0436f508403624da8d8a952fdd44a65,5,3300
0xa02cdbdb7e2b9031a07fa2539e15695a809ee020,39.3,25938
0xe9a4a95402f4102f62dfb4ee2377c7b1e9e79cb4,5,3300
0xc9ee695cc4f96240d9850f763fc9eaf22a60afa9,5,3300
0x9d06525150b4e84be58bb75664030afbe06dc6c7,30,19800
0x0861676f3fba15bc3b4c162b25bd01668e0c6c97,5,3300
0xdffd83587a0f3fb3b12b274a3c5ee01dfc05410a,10,6600
0x148f6117952ec1bb4b33bdfdeb275d7cf3ac2c76,4.19021,2765.5386
0x84071f731a28ff17daa7335db40974cf1967c1a9,1.09,719.4
0x6bd77fb465448709b8bca2a814dd2b72fdaa2858,3,1980
0xbb18b8dc787951c49f8e2ff3d51acf6be2ecf71a,5,3300
0x4d086d57e48ba55bb86a300909fae2836e27b6c5,5,3300
0x3c8398baf8fc815e2761352a344a5e740eb56385,1.57,1036.2
0x4cfa90ff83f3f16a29bf408e9322c9f1e30d18fd,114,75240
0xfcee6fbf4a8de1c16222b251d25b184fc8d72ec5,30,19800
0x9b9926d6ea4e1c8f09e20c6428c61f8d2d9a9f23,30,19800
0xc57ea67750ded06a98763d5251f062785eabf8f6,0.8,528
0x7525af9498280da3fc2f5498c495e89561b8ee79,3,1980
0xba5bec3f165f1aea16b8a456d941ca404e84dfee,4.96,3273.6
0xf46d2fe041cc078775a4874baaa543d7bddec265,10,6600
0x7453697ff21968ebe745f65b9e065da3c246ca26,20,13200
0x40d1cb3e3f5224075970de8b9ed1d252497ee448,10,6600
0xd83fd5b1575068e46f403be32954464007061bce,25,16500
0x14b3d1b85484fd1ffca319d3538bc2f1a4e15983,40,26400
0x557491b0627e95195410001797dd9279b5da4eee,7.8,5148
0x7605d4312bdeee02b245d1d2e1ebc94772523fda,30,19800
0xab58016c3407666bb17a4c1a4914dea9096bbf87,57,37620
0x0ea137023246e6070f0a926c2e3becaeacbefe5f,30,19800
0xa15048544da592d465ca9e071fb7103c58ac25ff,1,660
0xf506540f35bac10fe0078909f0c0eeb403406364,4,2640
0x1f338228e670b025445e8aff758ad35a23a454b5,52,34320
0x2a56bc6fa109e3f327e9bc498be0ae5671e79dc6,2,1320
0x24abfec5686f211e832614b11c9e455ac9e9a243,4.32,2851.2
0xcca54d3c17bbac3c493595a5a544e80e9e3dea8d,20,13200
0x5707572c74e6d70669d51e4930f3450c3c2be565,23.8,15708
0xa0cc9145c95987ae229f0f8ecbe8623c33488ba7,150,99000
0x2e6b90ce3f2796d41a9ddec266e307046ff94f70,30,19800
0x4971ed6fe79a57f653a828177d134ab1b7929101,2.4,1584
0xcd45bc0267407ff47716f59138c85a42cdb2fc26,30.4,20064
0x9470291e0ddc6f0187991d11054e5955ba2df4db,0.5,330
0x2ac3f94d54bf3762f392cdde06d036c98d3c9ee8,30,19800
0xc2be35edd0afd295b29edbf2113889619dbf4ccb,3,1980
0x6ea93019f90fed70b815e28f0b3af7cbca72cc21,30.4,20064
0xd34e315f6354a96f241e7bd8d7e150368e00a8e6,16,10560
0xcefd682276a35b8affee537f733616f01101384e,4.2,2772
0x96ac7a6c2bb84315dee1c9f77f6a8e53dade7d03,14,9240
0xba6f64694c5c938ba58eb7e5df6cc56777758881,4,2640
0xaf927650987a4b0048ada00a99df99c34a02142f,18.282,12066.12
0x7704cc0b4dbfc021e688789b6d7a60b6a049016c,28,18480
0x71ddb0a34417c5ca04d045a75d25ee6d392f3889,1.99,1313.4
0x7b0ac7f390259cbd9c56a5a0a752c0832b421662,5.04,3326.4
0x5c94565b1d83230d62649ffe8fef08c755251853,2,1320
0x7eaf18cee63bf101397b38ed8bd3bddb5540dc2b,3,1980
0x5fff54bc72c9b13d5d90b8b062ecbaed8609a66d,2,1320
0xdb888a6d6f82c85b6764fa1b0aa1ad0f2c41bf5b,2.5,1650
0xedc60cd376705ace39ff821d9cc0e09ba499d8b0,2.9,1914
0x1ea82b54b43ae001d2efd1ff74f46cb1f0be63d2,5.155,3402.3
0xee0e18598366a570bce51f5bccb0bda7ea6425a8,5,3300
0x0dc4e7de70497377cdd2039e513ac00608ae5a9f,30,19800
0x116a1ffb78c6994c8338e7636808272f9f9f5d56,5,3300
0x6bbaa5ae12841a21183eecedd63ce83027473a62,148.0328,97701.648
0x9098dfdd9f7db5f667573da7c2c14a241563295e,5,3300
0x38a9168f79052b9dd35087dd1e617140bcba5f45,5,3300
0x9bc6174b03a80099de21777a14253ff60bb3a344,0.45,297
0xc35ea1d64b85868a52359dc9259c2bfeeba2cc0f,2.5,1650
0xec4affec9a6d11376e19622b5a31a6b4b560c6cb,1.36,897.6
0x4b135432688c97418b7fbb15951a4101cde819f8,1,660
0x7e7c1976f1e485b10a1d954ade7208cdd7b8fcbf,20,13200
0x25022d8f8d7c7c173103eff02305a0615e8d7155,30.4,20064
0xb38616308e2e743f47533b8f18ac0c46f3421adb,14,9240
0xf01d31be3d151b1dea1ca4508ca6a28eb3fe94a9,8,5280
0x8b33ad44d8480b63dbc6a9696b05ed86f35f1df3,10,6600
0x0e3a678107a98188958b5e0988d8fc05bc879c58,30,19800
0x0badd9cdd1d35399004ce7c566b293da43730ded,9.5,6270
0x021490930b85ec674590088fb8ec933fca722bb3,5.17485125,3415.401825
0xa3d357c0e8a759946de76564e013f98f22a30496,4.6,3036
0xd5d96353ecc303e2d76788ab59647ddc56844e84,30.4,20064
0x2c8c472b7651e410f001ed8d386cfae29169b534,1.5,990
0xb2246fb79e12607132ce79d92c67a5c717a02cce,15,9900
0x6acd4ed033696765d6ac976b55bcaeee9ccfde85,1,660
0x53a4e9e11b5656ba33cafddb030ef2897b00fb54,7.230407346,4772.06884836
0x7c1eb7e119be08e65213181aeaee8fe60e4cbf43,9,5940
0x3c532955559b76455f182371b4f335ff2e646d81,29.98,19786.8
0xd5fc78908425fa97ba18933dbab7287742f84899,9.99,6593.4
0xc11fed14aa401d55d49d3e5c8458980f1158b52e,0.5,330
0xb501716527a0e30a8f968010f7d5cfea9f5f5306,20,13200
0xb624264af798db0d07da15bdb4bb4558abd88443,4.74,3128.4
0x9b4bcad67db9e7a000cf97b4432fd53623302dfd,14,9240
0x2a83de1b989a7adfbf44beeec4ec61cf109d5d4e,30,19800
0xc62662194e68738cd504ecf837c25b67faefa659,1.2,792
0x01298a30972a51fecd5cb9bb6afe6d32809f3ac2,50,33000
0x4e8d99f6f1165bfa498e09a7fe1c7f1905763873,4,2640
0xb2ba7a0c03883e0ac07fb3b5e44220578b4c7b87,2.41,1590.6
0x062139ea1180c6ac0818996468d7e849059fb118,30,19800
0xf3f2f2053dd55b90adef5429136ad2ce9c7f7bee,4.3,2838
0x6a511f633793bf12bb6adfab72fcfe0186c83e58,23,15180
0xe2addf8a1358e46f9f72e8d94b9878cb35acf337,30,19800
0x9b2a98c24aa1dfd733fb74984a8ef07776e39042,11.15,7359
0xd9c1a815c44ed387c063f835facd8e3ba74ee368,10,6600
0x8e0b9821b954cd02796e2e5e1ebb70e7fe87dad4,3.9,2574
0x5980ba5741352946ba4506f31ac1a166b155d89c,16,10560
0x2cd3bcd3450fc693900137612ce2802350a849b1,1,660
0xa25e661a3eb3ae58629bc1294ae5adf77c0a1b05,3.84,2534.4
0xf4c37687a99774a572db8daea50f8cb3a51bc2ff,1,660
0x42b425cbfbda1ce9a96e54b9be3dd57b25b5a9b4,3.15,2079
0xab1348b382eaec3d4a05cb85c999fc205b45292c,1.5,990
0x14a5bd66f0dea47d2f798eb9004d0b9162ed2e13,8,5280
0x4dc99f263e3ad0fe9a24e029a6606df171c52f9f,3.9,2574
0x8a172d513e973f2c3d75a1fb33057caf4c789641,28,18480
0x3f40262b07621eac1eb7e0815d9cf5ecec96c187,5.4,3564
0xe63890ab05f713821d58db601ce4834a74e16a0d,0.6142,405.372
0x46e4cf75e7a515935482c3f1b557efe92893d483,18.5,12210
0xf0ac52f244484cf80934420452fb7f2252b9190c,30,19800
0x9f00f0d60132c04407f571917332eb7ee0010b6f,0.89,587.4
0x54a22fd0ce3c8c027c70742e84374863534931bf,20,13200
0xc62f5d8fbc03c6791ff2e93289c59aaf94fa0bcc,1522,1004520
0xac6979655eaadaa7fad4ee13d23f7b6fa8844365,2.05,1353
0x9b86186cb7587b9c53ab394af636c0cbd7ce0c75,17,11220
0x271f49d84dc488752ea9bd85910482ff5016052e,20.05,13233
0x92172bdbdd6fe5b6fdd15dca70e03883d1943678,7.2,4752
0x48da66f4822fca65714abaee81b43ae641d96fe4,10,6600
0xc4621d76daa027f8f7d3656d0b0f48a1bed7fc85,4.7,3102
0x0cfba850249ab4ae3f8961ecfca5440d2bdd5ca3,13.9,9174
0x230f3933f2ea274218e40fd043b4cac0388ae29d,24,15840
0x09ee3f4a50f3531020e5db3abfe59469848b10e3,2,1320
0x8e985bcc66988c73b10b7cd16a9296d26e18c96a,20,13200
0x5ae39db49af9e2dec759ad1647fdadefb7184399,10,6600
0x392a3eee9a7b5cdf85e9e10a041ba63ba5aa1966,5,3300
0x2f4b1186757734d45871b5222118694c3ed3d6b8,2.3,1518
0x33f95b3b261a62d5a10aa7a078ca3263e70f6c27,1,660
0xded77995f7a8f55cf0400e2bd0477c0786a224f3,0.9,594
0x7a70a480373b5ba2176633492d0eed563c82ea4f,0.1,66
0xb7edcf7b9f545bb267efeb44c01ca811f120d122,15,9900
0x049f73c8139a0f1ca749852eb57177154c83fb54,5.58359448,3685.1723568
0xbc698a480ccdba00921b57db7780dfca5874abb9,30,19800
0x389384bdcc2e71f11790b2248dc743b6f67954f8,38.1,25146
0x91b1f1162f90812b1c56f5120a2d5e7b2014c82c,4.972077437,3281.57110842
0xa4308ade04c3e98d24e609b4ae74ebfa96de4d38,1.9,1254
0x85dddd58189499a14d72b6a38b2e7c673aae6e64,5.74,3788.4
0x3f6fd3a1f96627c5d2ca48f163afef77a60a8a35,30,19800
0xdab0cbcdf33400ec00c5642bbaadca6e7bad65d8,11.1,7326
0xf10fbe174c79f8f8dcaf1acf18e57c826724801f,11.9,7854
0xebbf6b57ba2b479600a70ea7d5512842b768c2d8,19.3,12738
0x74cecbbab4d5bc3337c1acd1b420e7859714ad17,5.9,3894
0xe0b1354ec7f5031116bad76e5d6d2ac5e119a313,2,1320
0xd8f5bff4542c8eadcf96aa8803208e5c5b0f569d,22,14520
0x36ba7ec8422992cbfcccf0eb470b313fcb256e18,10,6600
0x60300274df8c4094332d39675ac8081dadf564b5,8.19,5405.4
0xc780aa3411b8da0572652f76167f5c056478cd67,31.5,20790
0x1c498ece91e90638b4ac20ad7d68442e4cd38e0b,1.5,990
0x5adf70e3b24a217b78389815cec3ce94c880c312,4.7,3102
0x19fc0afa3244475518be771b96e1f34c8d932dab,24,15840
0x185ac399801b8303fa2a0a445a8491ae5f27b248,5,3300
0x2c05300661f8b8459cf09b43d2d8a924456c6a4f,0.9,594
0x6f0ac120b5aede7b4bce0922d4984bfcc24858f2,30,19800
0x67b3ffefdf47c6c9561f0692ce2d83ec27b87b5c,6.5,4290
0x47781528f5629187913e2c08d76cf73cb6e3ab9d,5,3300
0x99e7f261c017bf4190545903d419b7151d5747a5,12,7920
0x89db3041ca9ccfc8bf496a21f636e57c0aac4092,100,66000
0x6a0f9ac7bd91f30f4a578a065dd967fe5732561e,17.8,11748
0x9d5eec2da0d778e96dc46562eee1cda8f28da459,2,1320
0x96c5094a59780e9d75569a5ff5b97ee9acd559d3,10,6600
0x7f18c2579ba138831f7eafd88b20b472f9f5eaa8,11.63,7675.8
0xd03ad690ed8065edfdc1e08197a3ebc71535a7ff,1.5,990
0xe7c2511d81f06c1b523daca8c0049e1e7ddc2bdf,30,19800
0xe3cd02055c080f477007412d4a9682b68802377c,15,9900
0x848b9090a8b97aa92e1c77b9533f45ab2e13ff31,1.01,666.6
0x84baa3ea7f486b5d2cd3583ce389d9ea4a17bac1,4,2640
0xb167f576f31f640d6d8d678549db0005619be50b,2,1320
0xf3461f8d761bfcadd1e19659a7abdf8ea6cf6a6f,19,12540
0x8a767ea9f26a29ff18d1de9801302e90452c4812,1,660
0x5d7392613a5237faaae1fccb1a92042ac555a1dc,4,2640
0x34ce6d643cc45ac460d763806aac998d348ce406,10,6600
0x005784799748c516f2f184cf45c1ff4cb7497316,3.69,2435.4
0x40692724326503b8fdc8472df7ee658f4bdbfc89,5,3300
0x322e7a81ae6c67f85a7e7e359f9be056713fa6c8,39.5,26070
0x04aaa2ee21b88efa654512566ae2be8af39c3de0,8,5280
0x8d87e5f50934931041b6d434bbd0b90b1a6a11d0,10,6600
0x0f5177f022bf09b3459d52666faaaa5473d876bb,4.786181383,3158.87971278
0xbf0858b4d399cc1a488963f73ac58211149f85bc,100,66000
0xd6b385d6d028f4c0d4a39f81191d43d23951a9a8,10,6600
0x223afc084f9484e3afa41674112bf49da307afad,69,45540
0xd1427bfbfdca05fedb2eb83e83c2edace2228054,9,5940
0x1c8f53b4bed7a5b74a72735598ecdba5c02e4510,5,3300
0xa2556829bba1e2d534cde300c00e6c196012f9ba,14.2,9372
0xce9852444b734ba77d2e921b159f7ece505ebfd5,25.5,16830
0x95a822434359b6afb9631f79b5665d5599913781,3.4,2244
0x4ce363b89ba11682f56623dcf7377788298cacf9,14.4,9504
0x71b15f82378aedbc4a918eb84f34450d53ba6f64,23.6164,15586.824
0x8515eef9b722584e2f8987cd8b4d72181ef3524c,9,5940
0x2985aec5f7855e090feec555dc1bcf046c8f2144,4.6943,3098.238
0x732a5dc023f63db972f061de0953a1f825ab296c,1,660
0xb18c9df61ed48944b6c884ac6100cfa6c0a1e70e,2,1320
0x8dbbfe098038870d2ac18d2a654c8ccb135a30c1,30,19800
0x02e4facf17988b6aca7efa867b2b571cb64f933f,30,19800
0xafb0e976eab94f835a2726ef03ec4103419b2a4f,2,1320
0x4e10b9ab4335538fb6d4fc0f2ccb8c8583669f17,50.9858,33650.628
0x09d7ac7a7c64eea4eeb17802d644d68231755a41,2,1320
0x2e182495051cfba5cbc64f6d1ca60865f9283997,21.855,14424.3
0x8fb0d87b069e0cac9c052f82a88be3adaca1c0e6,63,41580
0x463073d897dd876be41b34cc5950b4e073920923,33.74,22268.4
0x1ae6211f7a5c6988227140ae76ee5e570ce98756,30,19800
0xe21011907ba512a94b65e8d7c34b3d0385410379,33,21780
0xea5440e251ab4db7a43fe65f1c06bd0b198e1cab,2,1320
0xc720f491fe65b8bd63728efaa24494dcc36f2d62,5.36,3537.6
0x4bf032c202fa8379ec1d2c400289a6d8d36963e9,7,4620
0xb13c02d672d8339a263338a9468968370231523d,33,21780
0x5988659fb9da04b7d24cca9533c55982efb7d4ec,54,35640
0x2bf942cea4dff0467d564ff1fc6d5fe26e9dcb54,8,5280
0xfe97a5d5518c6321ed67ed051af8bf8dd5a1c306,13,8580
0x11f7edb5997bf8a11f13dd2d5ffb0d971aca8717,30,19800
0xcbd806c99d7e93e31a9856b205142e5f7181c33d,30,19800
0xd8681475db27b31603f86e794b205d88d461aced,25,16500
0x42515bfd3cd8a98014297308e5de5e548db2c92c,31,20460
0x94ac599c9a0920f7a356eb68a92b29bd7a68c1dc,10,6600
0x3cdc8c4b740c3ee9be8c5e95b7b98371d13b8658,3,1980
0x0cc1f2e9897fd1dc9beac945c9e485c08d1758ca,3.95,2607
0xc2e1555af10375d2f0174268d583caa4d6d856e3,2.8,1848
0x8ec45f000241d941b20a24c7ca9fe433c9c7dcd5,0.63,415.8
0x10ca71cf364609c40a6abf77060b4d1605236992,70,46200
0xe4820a0d3cd2349016b2c7a959b036be9cba1097,4.95,3267
0xed7b4c42df9696dba1ed318d5d53cdd99bfb907e,4.2,2772
0xf1e04a6b316f68154ceae7210b9cf86fd8b7717a,24.49,16163.4
0x5686292a509cffd797c4282e8e42a52e20bfe438,2,1320
0xc3d223e5f9858ec7732dae8d9356034d17181a8f,1,660
0x5bcf9585c13117796a05738db5b45a5378bf87ad,29.5,19470
0xd04fdf4b3368a8cfe8a5ec6dd683a2c7653826ad,18,11880
0x021e4f390c8d4301ac3ca851f07e9839a8433db4,1.99,1313.4
0xdeb4572844046cbbf508ad7bff0ea741bc8c0b9c,8.0479232,5311.629312
0xe130554daeec33ea22e0d2884293b3da1f6c7b86,17,11220
0x2e155586d5902f830a1c5c609ced6987f3b8b946,5,3300
0x1bf8e2cb3fce06948db70b3c27c4abc5c00b6d3b,8,5280
0x0bb9c0fe1ec66efca104975238498aab375ddcce,2.439,1609.74
0x3727ced734a7fecae9f1d21099002cd31363e3b4,2.4,1584
0x75bb141013cf6d7a763bee2e3f46ce1621c81d36,1,660
0xa5b92edcb0f567141fb3bc77ac98e5c824a799fa,30,19800
0xb3187f9794a24c3a6b2b44774ebd66d2ab2582d4,3,1980
0xefe2f4f811667fdfda0c866f47ea64b1767457d0,10,6600
0x45cc933821e738d10fbd60e5b222f93098f0cffc,47,31020
0x0b37ebeacb5006ebbff1360804d66ae3dd57d0fb,6.5,4290
0xfae80c68308fb659b07b0f3c30121bdb54cd322c,0.9,594
0x15e11368fa2c6dd83ad9b51bd393334673607a03,8,5280
0x5fcf506e7da7cec26e26a552ff8f905f50d5d2a4,4.7,3102
0xbd425edb17bd2478f6f59af6a59fefbaa8887a81,2,1320
0xafa5c45a4de19c4c3837f447abf0dc90609ce6c9,4.8,3168
0xc8f5aa89720dbd05ea78f3f45697699841f0b35e,10,6600
0xade1623fe6fa45a9833e8f6ffc1608eee455c111,3.94,2600.4
0xa1262c7f16acc148719675c92591d608c61eb166,5,3300
0x3fe5d6a2d1caba760006007687adca8661a252f4,10.1,6666
0x45a329b2652b1166b0655aedff13850e5c01b202,2,1320
0xf0d10ce8663649fcb943ae8354b22c1073864ed7,4,2640
0x89271afc62fc082b3b1490e5d97d64c2d6cbd5bd,0.3,198
0xf6af29f12e35ad9e6624674749d8dd6aae567266,10,6600
0x2d95e5d74941158a552b74bb37367a8dc9cc1983,1,660
0x840e8e4d0328f53c52cd6e35b4bceedd9187df14,0.4972,328.152
0x0b362de50c65555f637e4ef4fe8ed625ebb54086,368.007699936,242885.08195776
0x04238f1655a0a3ae6edf222ceb3bff3d345fcba8,9.95,6567
0x816757c998c1e0b88c795762993810f5340101a1,3.05,2013
0x99b3b25c1de8ad7f71b66ff370e3e7efda721b35,4.03,2659.8
0xb0be3646e2cd6b172735427d99bd22ca206ff10d,5,3300
0x0cc3d80e4060d358196d83a76b0410e16812e4cc,10.73,7081.8
0x9b21ad68e94debd924e82ee5ea3b3b43096ee6ec,1.23,811.8
0x13dace1ee0a138cf3c5c66c113e4c530ca2e209b,10,6600
0xdf7428762ca09f5b89c2a114d2e2309c8b8953ab,0.5,330
0x9521e063b7121709ee0498f5303c55a5f7e6be63,16,10560
0xed95d7318da26920ef542e46d2649465e7ab31d6,2.5,1650
0x0681e6274bd1d606e9d192b550fb1d20db47ca85,2,1320
0x17de73cb3e0cb6bec83e87c592d72a3511f8fed5,21.8,14388
0x16805ffe7266ae38d6287e1e975f0f378bf31096,15,9900
0x606b0ca64ed664b0db9cff3d455a7f7c802a7080,7,4620
0x099ffd96928fb394b29e76c555c486c8f63bec1c,30,19800
0xb8bbdbb24c72fc14966d8ec4a05864240580669b,2,1320
0xe39f721a0974d16c066b65e3d199deb0f73067e2,46.6417,30783.522
0x81d9335cad450641cbde13770c34409de1615a7f,30.004071784,19802.68737744
0x1709b26a9a1dd850b9eedd1ae37f35572f785ef1,0.66,435.6
0x2d4482027f4cf74d284aac4e759c0c5c6b1bf4f0,6.8,4488
0x5648a79add20d2ebad608ace9d227390611881fe,184.5,121770
0x9b6db39a5d2613a58a4d3e8f097403660dd69e6a,17,11220
0xf25a6fce7a2325b2a83d820981fe443d80e12df4,20.85,13761
0xb2be89dcfe3419eba1f72008af89d0fceed70a92,3.023464,1995.48624
0xcdbeaadaf5b1be85f9b3aefab6496f9bce55a4ac,4.96,3273.6
0x32177fad9d9be4dd10ce0281879bbbeddf2f6575,10,6600
0xc29803ce6e2f490df6fcb26742a222e898ec7045,12,7920
0xbfd1bdfc826727e65b08be3ea03c4c7bbb81c692,20,13200
0xb7c6c0d44ce5fbbdabe0228c4799ace41e4a75a8,30,19800
0xba1cc10bdc90f312118dca64f5d35a039b340238,23,15180
0xe2f97fc403b17002ebea8e9508718cc7385a8295,2.2,1452
0xde6783e1f893b39ee1e48702cf11e6c58536a253,1.9,1254
0x96e097a9ca6a05ce61a73d6ba3fa020e673db1f7,10,6600
0x79072d0bf7e7441c9a908eacafa472005939191d,1,660
0x24a176e9dd36c0156d419028bcba6a4170cf2f5f,4.75,3135
0x5e26a41dd12bcdf4d48db7ac12ef26e8772781ec,25,16500
0xf51900a8bf9730eb654efb217105b1c4f8994ca9,30.001971784,19801.30137744
0xe94f4d2a6e8d05d9f7407fda721b8667ca545e02,3.104,2048.64
0x2ca830f762f60194985c0dd54d4622fbbfb4a6a5,30,19800
0xb7716071e13c7d931a8824dee7d2f5f5bdae52c6,0.9,594
0xb0e9f6f70103b7b6a994e181b12e603f9c297b29,8.89,5867.4
0x5acf3cd4c8c3648423a8df99401846b450d8b239,1.6,1056
0x6767e5f8a9c2c1e77f997f75c452ff735e88830e,9.975703568,6583.96435488
0x27a723c4c8e2668f0c7a75ab9fe0b83775ff5992,9,5940
0x4b04d6f915192a2ab482e9bba726cbe2d772d90e,1.5,990
0xd3622549e03800dc88bbd50f03f5b0ea4d000ee1,5,3300
0xaa8888c4daa3920dc470b872edeccafced0a76f6,87,57420
0xdb2790babd053b21cf548077953a9f25d9de9e0c,32,21120
0x0d81219c8ed6e4f269fe89d83c224cfd700cab43,32.2,21252
0x34a63917897fc2b6f5525001d077a8781af3e96a,28.9,19074
0xf3457837240b3adbaa8c565749dc61291298d222,34,22440
0xf54b3834019f3be72110655726b3929fa500602d,20.8,13728
0x8a4c8ff60511b4d677c2241035a5b1924cd98823,6,3960
0x73a5894d70de854f21a8521f0601c4f8676f38b3,2.9,1914
0xe324431ee6fcc5e6b7801ee469132e452cd4b4bc,10.46,6903.6
0xc356423a41502a50ab93d2e10d446e077553af1c,1,660
0xa4884c834f99b04185e2f42d3520f11b7cb7d500,29.948,19765.68
0x901e45ebb4f308b6eae2054de14d324abc37c8f1,12,7920
0xcf927446d29153e80017f53f58616e435dbab7c1,20.3,13398
0x655b02b5bda5bd3e557cb25b8d6b4d6101bba4ef,1,660
0x113587caaae0e1bf2b35ce4cc463679eb7e14638,2.88,1900.8
0xda6457adc981b66c4d8aae480aee96966c368d76,28.8,19008
0x372308368733b0924c9482d0ac2e9af25cb278d8,10,6600
0xba6f2174529173ffbc01a99da53070e31bc4b4a8,6,3960
0x50f70cf34bc3fa00873839026ac0f44ab5841508,1,660
0xaf9d6fbfc46e66f5247816655c4f358ec7a9cc03,2.45,1617
0x5107fa069d064400d0f16a45220b737b4e9d0cde,2,1320
0xc99127e44efd45bb8ec5a3fe22451f705c69ab4a,30,19800
0x45394116e4f2e8c3685ab9d169380d2d6d1d2d4a,2.66595241,1759.5285906
0xb56f54f589b35f4a212f9214dfc0a494a18d4d09,0.49,323.4
0x95068cd85e3109fb9132da465683d3fcdf99f430,5,3300
0xcc7367a815ca4ac5aa26b916ea0332042ed2e65d,5,3300
0x432add28a29545448dac0275993dbbd9344738da,9,5940
0x09c58b6976edc1e7f8cf611daa15826ea5ae17c5,15,9900
0x3ab2b46e78d6bad1e362826260b20c6a10682ff8,11.1,7326
0x49b1c6480ba1e332bebd03e749c0de544fb46be7,15,9900
0x5275372b424942c647139a2086b41a97982bff40,1.52,1003.2
0xa6e37b0fa0b28607991608f95bcb7bb9c356c5ce,7,4620
0x28945b243c41d1d7903bbd4ce1e261b6801042db,1000,660000
0x86136d57bbdbddd4728d5c39a423af9b46cba24e,1.39,917.4
0xc9091b2be6d41d90c210f2c16aea9a6d24202118,2.15,1419
0x7a06b8fae51257df82609d66ef530dee3a531051,8.48,5596.8
0x2784cc205f2c60e3cf12dbe99d48ac74f0f5cee2,6.01,3966.6
0xd50a3326000c86429f9dfd338ad3948478d18bcf,2,1320
0x43a40783fbd32a38cb2d207488869a4de2b0f1fa,3.8,2508
0xf5f12e48b3fda87dcfcaedefebd0987044f7292a,10,6600
0x7decccf512c9bfec62babdd00352ec81184d7e33,9.8,6468
0xd1f8bb502000f62ec83088cbe181796ea65ce63e,2,1320
0xc6bb7459b9ed393570ffc23862e1eb3efaf8fba1,30,19800
0x73c61883e265a49b94055c4d4cc00058f1c9fd12,2,1320
0x87fbc0b26d6b39c838e7337cd9e0203da68d24e2,5,3300
0xc3de198327f1fb3e9d571eb7aa3ac8ddb3094e47,9.55,6303
0x3ce3c5fa891086fc65c00dc25e5025b2d12d50d4,3.2,2112
0xbca1a13e58ecb90c365ef466e01483f6a37aaa17,2,1320
0x597990506d90598ed5960e7506897aed7a00328d,5,3300
0x029ecc9d77295d1126c333cb1e1bdf3ceea8d515,23.8,15708
0xd35d0dad9be1ee7f4693f3e84d31e219ebe1854b,2.8,1848
0xe044a6e035d13d8312d64608e6fe765a9fcddaa7,20,13200
0x8ec1b99321b96939f5011e519ed8fbe9e41ab1cb,40,26400
0xfefe5b2489680b9f5528b35e2ab3dc88dab83c61,26.1,17226
0x29a893828c56c86698bce9dcb03a7b20af77f110,2.935,1937.1
0x0f5190d94d193bf2bb6a3a62e6ac9041da0302e2,18,11880
0x477ce093318204e5288d2898acb668be34134a59,4,2640
0x277937f87f424e48f638146142447b1ee5791966,20,13200
0x156e95e0010ceed1a61c598e08ad960ab400f3e8,5.9,3894
0x9b8bd66ee41dfaa1b067fb21b1ddf8df1a1ed9db,3.1,2046
0x7712f286915acdc2e55184e558ec3c92caf5ebe8,33.93,22393.8
0xad4467ffde3761b8a7fbc07fab854fed32772013,12,7920
0x1485c605bb4a852fa1d6d6b1265c16d55202e89c,10,6600
0xc7f440d4c45c1ce7a295c788d9cbea9ff627cf8a,5,3300
0x550b518a3dc5e17be3ef57ca9b3291e9d12b54e4,13.5,8910
0x0eb8d117877e0670d6b9bf7e43d5f29310f42979,0.85,561
0x08d3211fb72e19cd9ef5d27551567a24ec3b8a91,19.9,13134
0xcaab95b61f883633ebc17a5a58f349781fcfb4d9,19,12540
0x1155894ceb25f6291531cfa04df9ae26d80f7ae9,8,5280
0xb9be5bc6a3e07c48ebab19696536750ab1bb89ae,5,3300
0xce386fe02685c54070131219fa124b482c3b7656,8,5280
0x4693f2d7a9b16442885f4f2061fcba41e72be6ea,1.4,924
0xdd80fe0b1898b9ffa83841eeec6318dc116acb1f,2.95,1947
0xfb51b423a3e5eeec743a9c53f942222ba18b946a,10.3,6798
0x16f047da73497320b8a1b646f9f3deabad39c41d,3,1980
0xcea0d7edbaf2ac79c52717e281db440f863e9418,9,5940
0xa6bef6fcd0bf75c3cfda717d5cc5c11043916e68,1.9,1254
0xd817803a0920f66630a393edc42ad976dafbddda,25,16500
0xd908f80aba091f8eb3135e7876d51b5b1a7bb188,10,6600
0x2a4b58c29fa57d8462a3dec41783b6b73a537ae4,2,1320
0x4d605080b65dedec34b15404008df15c3408c5cd,0.5,330
0x76d3451bec571316cfe096b1ab64681286b078d5,2,1320
0x65d3fd176b11d8a76de7235b97d12110fc51262b,14.25,9405
0x354d2356a6212a078a1116218e98bf6381e1b6c9,1,660
0x15ee91fe19f7586f71da18982ab47cc78fdb1ebd,17.8,11748
0x4eaca6fd5ea78d106383a101c3d6169dff5702de,1.004,662.64
0xdeaa2e18867c2c620e13c895d6200ed096d01d6b,200,132000
0x4bd74d345c128f0a80bc711740d16cf3cce70de1,75,49500
0x9ce6badcaa23d25ff46003bdc11fbc4d2d1514a3,10,6600
0x0445f23552f0e73c0faf2a6de2f2649bc40bc3aa,3,1980
0xb184a9e91f628a5964b859355edda06df52cebfb,4,2640
0xc50628714ab7bb9e11fd47537a0dbce2e0580cbb,2.6,1716
0x9c7e16d47a9840e7f91c932e9d00b05a3c055167,30,19800
0x5091e73dfe858a38a18d1288b18cd85f4b5b4986,7.19,4745.4
0xb511f8020a3b12fe89955c0f1257ed7ad14fe362,10,6600
0x426a6cd2793a98a3caa969d9c2456cc5f69e8ac0,30.8,20328
0xed3a555df4b301ef9929dc40ce63a058b0bf6839,2.98,1966.8
0xbf40b483ee5cf00d7f09960eb8014c99e41537de,2.37,1564.2
0xd7447c9d27a219ce0f675abf5d3ead5207063ead,30,19800
0xfd3056aac405f4b50098298b66de5beea0ddba4c,24.111801784,15913.78917744
0x109b91033eddfec5797a27114319d95c4c95c0d9,2,1320
0x1a055488b98853944f10c770848743cd202ec6fa,15.01,9906.6
0x673ac902677f3849884db1f17265048d35325d57,3,1980
0x33e47861ec0716d9c11cd862f0742f190a51b295,2.16,1425.6
0x5711e18e2f31c50fc77e1b7a8d238fc39abb9348,1,660
0x8a7f72cf1a761893a56349d40718295be42c6cae,1,660
0x14678c475bde15d8591b5cfb973338a3688aaed9,1,660
0xcd168163b319992b319cdb29d5cf416899cdff9f,3.7,2442
0xaee127b7131328512c74f76b716a83083f7ad2fe,4.95,3267
0x6a10236090ffb14d2193d13b8554838bc781a5cc,1,660
0xb559dd0dc42963ba7064c4bd2edfe65ca1167137,19.9,13134
0x348ebaf772d8b4529d3831a523f8669b8c87eac4,2,1320
0x6a75bfd189b5767cfa1e8c60b9f4cfd8586da003,5.175,3415.5
0x8337233db946c034802316b5c812a708f150b9f4,3.85,2541
0xcfcf34302a9ed0d0ec5d6e830bcf06b612251d72,35.8,23628
0x371e180e2abaad698591a08a03719e77fc062148,4.56,3009.6
0x0c93914d5f3262035f271d48c93f8b86d2410dfd,15,9900
0x4077f04a49857558ca6f66472bf71bc266f9be65,1.415,933.9
0x55a32782ef6aba4a387e449a363b0fe9b4d2032f,5,3300
0xcb0a4a082643f96a04f487102e51d2b234a9b9e7,1.4,924
0xab5ef0328da492c2f1de9706db5b36bf7cbbe7ce,15,9900
0xe4365112ccf6942eeb29d0fe17b189694e914445,2,1320
0xa6221682cf4dd31ea747f547112b6f181c9cdf7d,1.93,1273.8
0xedd8e82d9fd2a18a41b12b22bd785980b5c550d4,30,19800
0xcd164e36450388c1e5cf0d7b70cb4becab657cd1,30,19800
0xcee46af2a76cfe0e2e9f5b0e4922aa5e6ebd794f,29,19140
0x4b809377db67c3f0462c5c4562b73236668bfabf,30,19800
0x73be00623ff948c3f98d4bff90f4257c1bf2ed88,12,7920
0xf76e9d7d85c63662640394a86138b75cfb172b43,2,1320
0xd17b99dd816d01ae398bd51f0700f44fd43a2579,0.9,594
0x8c131e27b56883606cbe762b37be1f96e654264f,3.77,2488.2
0x72b6a538f73f83fd05c8efa79510b005d80d496a,3,1980
0x0039eff0b58a66b4fec1acb80f6065b76264a355,60,39600
0x270faa8fb87d58f1dac6667f3c9b66ca8ad2a77f,20,13200
0x77f22cb89ae34993df413f940c34d04bc0649cf7,3.8,2508
0x5e2938c3290cf5fac4fe4a21555df0c80da67c95,25,16500
0xdf1002be0d72ea27dc85af4046474848e8d8558d,1.23,811.8
0x2aad8a68636e7800cd6b2527b007da4a19d751f1,32,21120
0xec7fe1bbbc4955836bd54d23088a91e5b4b32b77,22,14520
0x98f2931f61d225fc47bdc0e5afded71bd3721434,11.5,7590
0xeb3d22ab11910a397f429b0e93409154f9d48303,8,5280
0x8aa79bbba3428a05bd70f8efe5612bb01ba4c0bc,5.7,3762
0x7003307963d910d04e1b89adfd72ad812dc72c8d,0.5,330
0x7abf99b7e65a43d2af04e8e0d47d3361494513d9,4,2640
0xb06527f9635549b828856f68686ce4a3face4c81,15.5,10230
0xf38b9e73c3c721edb4bdbd6270560ddaa9d6809a,1.39,917.4
0xb6d68d6eb9b0e7815c8b50ea0b0652e80bcbdfbc,30,19800
0x394e539676c3c81f337ce41da23f932db421613e,3.5,2310
0x95a42a3d1ec61db8033a676f3fe6f285ad2381dc,30,19800
0xbdd8aa4c987e7753b31390c76c8176f46e17cb30,3.9,2574
0x8dffc59d9eb265eb3e7692fa2254b05353675b7a,3,1980
0x9cb8af2e0ae259ea0bf5b44bc7dd7715da918ccc,10,6600
0x9b1d8ea6fa8ca182aa4f8f0bf1076daee17e5f7a,0.285,188.1
0x395ae0173122cb47ff636f21404606f38d28a355,7.9766,5264.556
0x6106e4ed29ed8218addfe8cdd266d0ebc68a227b,69.5,45870
0x236c6d51cb99b6d0552f6d81ec207f57f97e98f9,3,1980
0xd3c54ca804be044391abd8c80a83654084437332,30,19800
0xa3d414b16c4e08e2555241e15111fda6e364ea51,2,1320
0x444e3337fc66cdb12386461e794ac1e40346811d,8.45,5577
0x4528e34e92aafded02c9b3a7325ca338a3175aa6,10.02,6613.2
0x6a56c3743fc285f2a23a680840fad0e29d534295,5.6,3696
0x003a6df5ac6edec6b194a464dc399e7e72b932b8,20,13200
0x4dc99f829eed45511962dc64e332658412e3f9bd,11.5,7590
0x6b17fed01d1a6f82fbd07730943c246bcf35c192,1,660
0xfc615f53d3a53c43fe27c1841bfaf8cb3c3564df,6,3960
0xd13bba12ace76ae7ec705ffa589a6d55f7ba25af,5.1,3366
0x40a0d2a44f29998a0eb3b3355e09c6404b17246e,5.5,3630
0xd0cde965c22da3eb9b5f7379df05b5d0a3e2f3be,7.247182376,4783.14036816
0xe4dcbe1b96315ef312ad6af61b4c8bb12aa9db09,13.9,9174
0x6b0162f6169f69962e0f24103f16195361c999c9,5,3300
0x3c9c9c26c20441952eea67854b15a634dff70219,4,2640
0xfccbe6f6f2e42bbcd5d6fecc1ad2184a90cb734e,0.101,66.66
0xdb7e4cada16c53b987b03e496a63b51f565889cc,20,13200
0x5c13686230bc5c1d796aadd605b708ffec5bf120,30,19800
0xcb70b51b0eeb174ba3f2bd191dcb7b96a00124ec,4.8,3168
0x497d99f35cd8f2866d1183630b4e34ae0f5b80a5,1,660
0x5270ca0e84d1e2deb824a797b4b8c9ca088b08e0,17,11220
0x00cc7e10990a2bc20794bf6c25f0d26676667f34,24.3,16038
0x304efbb03b881e321c536958985073c97d18e417,30,19800
0x5f7eae82f568fdaba733df451be59a46fe36f5a2,10.12,6679.2
0xf2071999199d34f9d285c65dad4ebb7f0428f354,6.5,4290
0xaaf6b2d13759a4cac6eaaa463d49ea8df8533d55,10.2,6732
0x88dd6c8c3e615124604b12d7442c58f53bfe330b,41.5,27390
0x7a74be9531b2fe65e870c02d89d29bb747486d55,1,660
0x0a9dea1cfa6fc973e3dda6b5f4d77611e6862949,1,660
0xb509559372009a06be0321a403bcd176de87ab64,9.9,6534
0xb93dc3bf51d7760369067ed4a2f44ac6d2a51833,1,660
0xdd7d753715d506ba75c9cfea59d1a00f481db19f,2.62,1729.2
0xc83ee6cf617cfc02f1170b6ecefe45575056de54,2,1320
0xcb9c0d6d177491921ca53565431fb25733d31a30,1,660
0x05592f54218f78a850cd5550d165a55ddc55d71c,4.36,2877.6
0x534648ff47d2bf6fff7033ecac5812e0e3cd02a2,4,2640
0x90761c0bfcf1e13c49e082768413ade93d215302,1,660
0xa88cb517d8b4fe296a7278b03d1268ac1e71097a,29,19140
0xb7a32a78a4f3affb3eb41b50729ef87528c8de9a,3,1980
0x5a7e77704cf2af35411e7ed193e7212f4088e84c,10.1,6666
0x456ec4d3265a0e2c8566728f819737a8c4a9872e,0.701,462.66
0x34cc2861eeb213da8bf366becdfb319f16aff12c,5,3300
0x4e8106c957e69b4e279c48af0582443b1dbce689,0.35559,234.6894
0x83083178cd24948420182fe358b7ad32de83a493,30,19800
0x7e963b1a14ab0dc0001a5e3356d99a1c67f9a66d,9.94991852,6566.9462232
0x2447db355bbe7c083c14ae0f24c5b4920c10ad1d,14.67,9682.2
0x72bb7f752d704dd1bb339fe7ee1330e9b7ab4b69,2,1320
0x02141508f702de965e5407f963f782b843167a91,10,6600
0xba3f517b21a8438a17b22b7abb89c8a62c837986,100,66000
0x62a33454392771e13a1b885066f751fcfea8d3a9,23,15180
0x1df775f1d97490d3dfaee5008513041d16ff9f5f,24.1,15906
0x4995db6cb702519cff7d8d0e3a11b617319dd7eb,4.6,3036
0x1d01be1f9a0dc119d71510d427451517b415bfaa,1.2,792
0x9a0b32374a27ab8535a13566d557130e86972691,7,4620
0xe6dec6218b5ed641dc1e27267a3e10b340dcb0bf,2.5,1650
0x1102f6de54e6bf3d3eb7f610d750b87938e4469c,5.1,3366
0xf529fc0b0dd502de5f1844de0cdee01e8ea43503,2,1320
0x742b889d20bf4346d9bd05f709fc55112e811f50,30,19800
0xf05d5765acfdc9c457862b7cde232126c290e901,1.02,673.2
0x4872cf570082ca437d408b56d24e793abbf371f1,30,19800
0xa012a31f7448568b3d5eaa8076c72d89336e1532,2,1320
0x4fb34e3bdf2728dd4834c28c2a3f233b43809c90,60,39600
0x7edfe50eb0bc2cb0c6006b2827673585bc84d51e,6,3960
0x27ea61f155fbf252e3a2dbfed84c7a571f055ba7,1,660
0x8a2e87ab0b173a85a60e104ad5446058fc772a58,1.3,858
0x4a466a7915c2dbab7cdae6a0587daf94d89c033c,4,2640
0x942ffc52cfd75b5ecf517cf4ff2238107d3122be,2,1320
0x4a112595afeb5a2271cf5ee9279ba33470df1ee4,12,7920
0x4c253e07cb60d5ea9ce9a0d73e0f894031faff88,3.02,1993.2
0x9229709079616e90c9e3675842ef79ff8537e1d9,3.9,2574
0xaed6370be97349717fb7107135d61f3e20ea176d,17.01,11226.6
0xfb0575b4cb7bc2f462dfb09171c7be1ba108cc0a,37,24420
0x351670a09bb4b55fae3ee8c74925e74b44e8b390,1.1,726
0xec5134590b59a2c279b4a616b446fd88d6b0cfcf,4.85,3201
0x8ea1bb8aa59258bfd4688196cab3bbfb3c699345,10,6600
0x1230d8747d8057e5b54ee14222fb944b5e3bbcfc,30,19800
0x472c65fbdc6fce820de62db4c85a21c52082e929,13,8580
0xda693f8eaaddf59caa5c4d813eafc26ce3640ea4,15.4,10164
0xdb3f4793e4aee00ddbfeff4ba3445ddca0fed551,8.4,5544
0x9ba5adea92b7808478b31dab316d0a2911776ee3,1.95,1287
0x90d2423efc34f2182eb18fc127c90a687fd9c592,24.75,16335
0x7b52674eeaddce1a926d49fd3f594711d9cd29d3,23,15180
0x784ee824466d42bd0393047c6503a635870af0c0,30,19800
0x6e1fe52064adbbf4884aecf34eb54970472b9b49,50,33000
0xf905d0f70e4382c505397ee2341042dd059b16a9,3.15,2079
0x721d6decba0fa5fbb9830704fb4d7ed1fba6e29e,15,9900
0xee5d36bd064b3a26900e568628ebabb42719367e,1,660
0xb57f45ae9443f193cda2388066517b8b1fb36089,4.32,2851.2
0x368d7907b04a3821c7600ef0bd033eb35cd6f739,30.11,19872.6
0x7ad38da4923b602ba8047b06354bff55a1d7b08e,1.6,1056
0xdc6db81e9bbf6dacb04e5d33f53c55bc1ddbb170,9.5,6270
0x787521164d8c5e3239c29f9f81a6c189d9944aab,2.199,1451.34
0x2066f00b201d3186e4febff1e4eb9c9d4d40f14c,11.7,7722
0xb5604c2c63804c633ae93e4ad3d14bcbade15bf4,5,3300
0xef92841c6bcf0d18a82c1eec172123ac2e6225b5,15,9900
0x3b336591c6e5fc1568ac81ef419b8ed40169b17c,3,1980
0xbd6da64233cc2bc107bb18de8da0c719baabceee,11,7260
0x5495b4ebe607ed2669f9e63feaa19124faf56446,1,660
0xf21d3258b20eb7ffebdac0b69a03e7adf755dcae,2,1320
0x0a1ee7bb1f5f5795ceafe0924c38eb04915869b4,30,19800
0x7c2300ef9253318cbe7e2036017476c0505c0bb6,1.2,792
0xea3492664a6a493e96fa56763c60bcc89f26094a,20,13200
0xfa326f13f9f1e7abeb3d6074b2bdfbf7d4ede289,1.05,693
0xf6e9fdf8abc8c12c2dfffdd386ad19a3deb2b93f,10.05,6633
0x2ae5bfb0037e3641f6f0d77c94c4c3c89547411d,10,6600
0xcd3a61f6c849685d7dfbe2c2c58bf0568dcfb655,1,660
0x745c4dabce82d7018c239120cb5cff111b04e1a8,2.3,1518
0x00463280246ce823733540a27bf3e40bdc49ac8e,1,660
0x855f57daf00954dd8e39fdefb1e202c77aff6441,0.64,422.4
0xbc6a27289e685e4b341d52596b40c7af7f05c176,5,3300
0xbceaff1da1e57f3d65d39fe26b1e386ae7f6ef14,10,6600
0x5af10aecea93b94ff4ee5dd973869f6dd108aa32,9,5940
0xed43fcd8bae80add3d055fb43f33c591d291bf83,1,660
0x954be9d7d9f0dc37f43173c8c843f8b2d657944f,9.61,6342.6
0xc6e060c13a1fe98c86aff63bd9706354abfa4076,30,19800
0x535d923b60eda67a864f2c7435376b9cd61fdcc2,3.3409,2204.994
0x165270e39c2e18c44e8e0d08fcf2a48a1f02fc59,9,5940
0x411d27b34717ff8e3b2418562ef9c3e95fe9368b,5,3300
0xa29c7e7b38bea68f46da9bfa748813250fc945d3,1.5,990
0x764afd40da0ae14b39196939b8298536a6b72ea4,1.7,1122
0x7f7fc02f284a3f1125b580775ff545575625160c,3,1980
0x3e5de6a7fd728cd2d88b16d68e1786ed0c74b2e9,3,1980
0x5ab14fa1e94d84b5c11827c4ef22f21579d34125,2.01,1326.6
0x2d33be68c5741e7b2dc0e7ab205b35c12083a1ae,30,19800
0x1f4dc26f26262fe6431c6ff1bd304affdf600289,1.8,1188
0x2838e1556994de6ca3edf22327c3760f9498bb18,10,6600
0x2f8a15e92e38abbb7f712162150b7dbdf3118d0b,7,4620
0xc33caf2c13447713cc055c2bda6bef84b046a51f,20,13200
0x4c42d795b48ac15e31acb3b02c074a37a7ba80d6,1.5,990
0x7e7b62361a95e45c34efe27b1bb0e40b6e1ca170,2,1320
0x9c5d118b8b7bf6f690120043eceb1006eb35000b,1,660
0x551c9956652182fa25cad733bd2ffb2400eafc53,3,1980
0x4c48ada136bd58902ce7aac5211f12d97a2b939d,16.1796,10678.536
0x8ccf9703cde270acf5e285e4c654f3cfd50a1c23,1,660
0x436b98f3a614079ad005b7c62743020ad3dd672a,22,14520
0xdc75c712e06a01c40a1334fd546ef7c746795244,4.86,3207.6
0x04f487bdc9e981b9d1d95dd4c440fcd270667bd3,5,3300
0xda5114082c872bf77e605f35850fcc1c40ce6548,2,1320
0x49a6f6ab99d41fef52db098d69c70978a5ee2d1c,4,2640
0xb6a6039c7c4485e29c55a25c23ec5186a5e0eb2f,2.5,1650
0x3f91b4feda8a0aed4ad129e98fe9258974335ff3,2,1320
0xa05313704df04f723c82a369166530a2250a3632,19.1,12606
0x06f67c903c9952acd28c24effb6bd5617deb8b45,23,15180
0xe81200d260c79be68c0a29876660bf97615bfcc3,0.945,623.7
0x63d9a0ce62a31824e2e4b018bd72664a9fda95d3,1,660
0xefa0d3b3142b286d7a2ebd4bd8d3978e7964c0c4,61,40260
0x62c848c5346de55efcfc51fca34755204f1a7002,3.97,2620.2
0x70172d7da6fa2eee573a2a1eb9fa5cd1d3f0b432,1,660
0x773cb44cc52082aa08b6b9c31388a534b8f2df9f,5,3300
0x6f5da2f2de62411220d0adfbced39bcb729c4489,10,6600
0xb99e8b77a7b49629ac881b4f9f0feae13200b07b,19,12540
0x7535f47cfcb7f34272e2ce9896fc5f3f7a4f9eb9,0.05,33
0xd6c0545ce17c8a170af6c2ad1e52a3f5c77f0370,3,1980
0xc3cf62d9db18ceef9566572dbf7afa5211f9a343,9,5940
0x3c0ab5d57dda0e37ab9c344c3ee1fcb02cf7a556,0.8,528
0x42865be89ebcee2a9ba6696b26cb92d8a2b2dc36,4.000001,2640.00066
0xc3e03a681729a8d430d27e61e6016037a973dcc1,2,1320
0x946baa93877475018cd671e21963eae16b4a98af,9,5940
0xce7c6b782637d844ebb12eb87b15544c4ec0ce1d,10,6600
0x3b17facdd5e8be0029a68e10743b4cf24f37d030,12,7920
0x09ec309fd2b80b5041d5b650c05a97ecc5ce89eb,60.32,39811.2
0xb907526fceefe4edf9d692b650f3abf57750cefa,1.24,818.4
0x63f3647595e9a6c90163daf6adb32015eb86bf02,18,11880
0x4b1aa8904ad69625e70c8041c395a029f84efb6e,3.5,2310
0x3dacef640a0752701064374f81cd29dc382f7a44,9.98,6586.8
0x64cb3192c28af189c205bb01f2385064d377b046,1.1,726
0x0a9f2973abcf04c640a5641ca566ab4d873a5d3e,30.6,20196
0x122848c028c1196f52f26a1cf66202ecdd1643dd,10,6600
0xedf5de3807d23e5d85b0caa1e10d52b85c2a6965,1.3,858
0xcd67f39bea9d514ba356adbcbb00506eacc435e8,2,1320
0x5e85f120452e4da9e9c5dce0cbefbaf6780ea975,10,6600
0xd575e69b8a62670d73c9e56745152c4eff583a6c,1,660
0x058502bb8348929a6bc40984b4ea7e8ac4a3da19,4,2640
0x1070e28572a4ac24686713a4612839e03796e0b1,1,660
0x92bbb7696c9389173564534016fbf9ab4b8271b1,4.48,2956.8
0xe4cdd6c3ade138f1dacc70e3589c4653d10bb771,20,13200
0xa2888c2aa1eda3a526bee838e1ade4af2fb16ee2,1.5,990
0x3316263c19bed1a29a88f3d7f8e95b15eae9a385,12.2182,8064.012
0xccbc2825e5de7cf1ccce47ce0b7e4c776c749b44,29,19140
0xd80fc844bd4fb347c09d853cdb2d01d3e083758c,1.8,1188
0x81e4033bb0636b00c1436c7df1bf22a4a74f25f3,3.72,2455.2
0x36c7a54c65d9668c0703715763273bc2e6f8f280,36,23760
0x1399e34324470794f262f3b590f82f15c527e043,3,1980
0xee254384f42b3c70d0367bcbcb906eed5c443aeb,4,2640
0x85c1fee60f98b7de104179e29c5fde2c1166bdc5,21.9,14454
0x7454a357c283429a094d4bd7ea4de60e16a78579,2,1320
0x63bce87f19a04147c48e984f998de2653a33d925,0.4,264
0x44f92bf6f6f3555a8095bf8b822fd25db0b74d1d,6.42,4237.2
0x02879df5a6ca65898eb81aa2c21f348bfac750b7,2.4,1584
0x21be2dd0bc80d1514561388f6a7179629cfa4e65,1.854,1223.64
0xc7dabad427e11de0b00dfffb849cc30b36766fec,6.1,4026
0x67c7c846dea6e49380b58fd4aac8d1dd15c7889b,2,1320
0x39b2c0ed38352d65d35a903bbb3cd943b39fb8c0,2.34,1544.4
0xbc535f097a405f0d492d770351371151cb7af2d4,5,3300
0x9ada9affe806d8284424a3a6dd0114e246e9469c,9.8,6468
0xe48fc632670a032c2c3ed4ac320bc1bf24391691,3.46,2283.6
0x547afb5b5ccf85467b2cfe72902c9534c4939dfc,14.716,9712.56
0xa59096929e99e74b7c11b02154a2b870b326305b,0.4,264
0x908d22c765e4241931918b6bb7458046a3c5d7d8,3,1980
0xb51e6a1a0194938c83c4a624ba5e24b3493ccb7a,10,6600
0x8bf38d952265b342d544b0eab5165f6ed42f8f3c,2.58,1702.8
0xab72634cc98d1d6feabf32d47af3c5ba30ab3b61,10,6600
0xb18fdf715789db326c0f3c5b33d500ccf2ebc5ad,39.9,26334
0xa6c6171c80380050f2aaa8d7dfc9b4c3ff72e121,9,5940
0x2605f1f7323f3ac2b36ec94ac84ec1df2211bf79,4.9,3234
0x0cf047d6bd49d68572549cd0de77d16cdde3ec2b,2,1320
0x9895e36e12038a93ebce1e7da60142056552aa4a,10,6600
0x3c88e4b1cd02b7ad7ab733321bed6e69c791ce20,8,5280
0x69c1941bffc90e129763b2e3a55fd10a8a2394cd,30,19800
0xff709659a2646d734ea5735829de2b2f51f82c27,5,3300
0x938cbbb6d34fd4cb92d6337270513da3348f6cb3,5,3300
0xaeed68bfad102eafbec2bdc47bd5ed9d228653ee,3.5,2310
0xc995f8663cff799acd6e6371ace62c6809e2fb13,5,3300
0x4a2a7b21c5a83a47d9772edf9a0bd83a43985b7e,1.525,1006.5
0xb5ba9deb550bd22031582a0595d3d0ab77b91abb,10,6600
0xce884288a4d7c469635792b788f30208b91aaf3e,5.895,3890.7
0x1c96c4bf4e0860dce7c898f25cd11a0b74fdbd7d,4.85,3201
0xf0b91f302348b1dd7b47b94b5605cf506b1acfcc,2,1320
0xc246f5302e590183dc8c8080afdeff818c5be310,1,660
0xe8a9a11ba835ea03bcdb9d9761011484847378fd,1,660
0xd863a639c6366b044c7f6ebac07fcbb411f51039,3.5,2310
0x50d92deef9f715503653354064f85dc5a1b1c8c5,0.195,128.7
0x7df82683a572d9529426b0c799083397193e0387,1,660
0x0ea0bbc53c89f781bb86e2a66c7dc71283da86cb,1,660
0xd2f3b0510cd0cb7b172f151eb76f3b724d6a78e0,5,3300
0xe2a1510ccb9f663e01f2d49274114bb576b028c9,1.3,858
0x1c4e497cf299fd95aeb80930cff5844c44b4c42b,1,660
0xd0c74312aca660568771f28a5c242ff32522e49d,2,1320
0x8691bd587380df66b810eb15611951bc8e6f24c0,10,6600
0x4fda5c746239de18e34a97270672ff97e8316a4f,31.6,20856
0x64568726e834248381676ecaba274b3b7f1ee597,5,3300
0x49942ad6103cf36101207ecbb6be571fa673f28c,4.7,3102
0x46ba12aeff57ccd9f098b024d324a4cf6e4a32a7,0.46062961,304.0155426
0xd333db2e76d6bc1ca9a3dd325b507b469eabf877,119.5,78870
0x9ab6562c0f1fd293acc1f9bfc10900723ce3095e,0.94,620.4
0x3832ba07f9e703752ec4c3edbe50697465d2c238,2.5257,1666.962
0x242f20589e3aa594d5014a58501f376861984f65,0.3,198
0x61855b24cdb75530772a3163622b45c17badbe22,4,2640
0xaa6e05ff94037f7854b39aadff37c385e262b919,1.5,990
0x672fcc87080531c573543c09b1d1b695fb30fb94,0.08,52.8
0xdc60a709e932f5df8b44896f0059740fce2f8a79,1,660
0xa004f1807e02d885d329c3f1fd25653901b0eaba,10,6600
0xebb705cf1739b2e929b4e863863fe5504cc05605,3.1,2046
0x4f8b7bfb2f869992ee4623fd49772a7bdc6e44bb,1.95,1287
0x9bec2178f3ce96b1ee0b07c9a22f6df24ae3092e,11,7260
0x6cc15caa8deb5ce99e782cc5125970b65e753456,2.8345,1870.77
0x81479d439a11f4347492e7d376bbf6ad376674b0,4,2640
0x9d0f235cfe9d274476f8f7ab50cc66c721fb4c02,75.49,49823.4
0xa1e94a7351fc0ffe7da4666dcb50043cd8f1f5b7,9.4,6204
0xf6a4eceb0bc50dc4579b77fa912bf3adf412fb40,5,3300
0xd46a9e017f6398850f3a0983bd9468b529d93843,2,1320
0x4d9b51c87bbe085b4416c95fc497d2c91ef1e585,24.8,16368
0xfc7edcbd4ea1c47f205d6138c042add363246a2f,7.3,4818
0x0b6ca2b11ee500889f5c24cdb5a229cda885ffd0,2,1320
0x63996447c8199078ec21228e276914c35ea41912,1,660
0xf42eda7c3cf47a3fb0058f29ccf96ddf9f0e34e8,20,13200
0xf5ed94a2aaf288b2afcb57b70171c87e5ba19c7c,8,5280
0xd997434efa770865025815a052ba636afee598ee,5,3300
0x8f354687c70a05aa3c6c1c329eb577cc9378a139,2.41,1590.6
0xac16c8fd47716cd64161d8c3f1f804cec36861cb,2,1320
0x8f2af075f6926629743c43be9a86b0a0f9b9430e,5.2,3432
0xe9bb7243a8fc91b7d060a7c728c61644cb3121eb,9.36,6177.6
0x8d8016e6640b6d69397e3d0447d71829156b58f2,4.86,3207.6
0x52671a0aedccf7dc6ab08c6e42b7d71812757727,2.06,1359.6
0x6370bc6944e072d02ae50693b941522d6ee49b91,31.8,20988
0x43999c0fdf0fa5e59ab69adc33859246665d137c,3,1980
0x4d6aaee383d15276a221d51f0eb0efcaa9f3ad20,1.1376,750.816
0x6cc7211a9c4508701936b81b98fb670825d3e5f4,5,3300
0x41167cbf128a86b9e200b692da028131f263d28a,10.9,7194
0x170026eed07e9794be91bc8539070e1f3e7a2ce0,6.1,4026
0xfca3298f672293cea337439458fc06492ab79fb1,4.5,2970
0xf71e9eec75129f51174cd35ac2a90969bd4e6bee,5,3300
0xe03e682cb5e94d3861fc813f258fdb972086b631,0.1,66
0xdee0e5140dd660ce712bdd07fba143af80231220,1.8,1188
0x549afb2f9cdb90fdef7861b65c2bcf80aabbf765,9.1,6006
0xb76bca3e1235014d48a920c2e596510202cabca9,2,1320
0x1c038b3229b5c1967e2d53422f62ffdda02d5e3d,2.4,1584
0xd2d96d803cfce2eb83eeafc90e770133a644c22a,4.7,3102
0xd5356d0d04da5e4c34f911409e842284139225d6,1,660
0xe63d1a957e21fcd6ab81993b5eadabc806926da2,1.2,792
0xf6ac93c5bf408a6330a4572df31dad61985d8049,5,3300
0x17a985dbc716f06e99c6c3fa38f452c21c8835f0,1,660
0xd21e22233c7f0de9bd0e55f49a0223f310e5a5a8,2.1,1386
0xc4ca612c2b9df1dda98fe7ead5fa610d3ff2b6ce,5,3300
0x819ab2a9b61e20eee64f481215abfd90ae981586,1,660
0x4927f4c7388f753759b8811e64737750c723d43a,25.3,16698
0x23711994976aa324b709495e9c1955b2b50db720,1,660
0x37d91c2d47f5912af25e72b4fc4c830f50222f0f,3,1980
0x36c7d85b3949e609101e79d51f7c0d70f5e5a046,1,660
0x86e3651f8b5024d5cd2c95b348a849b741f87da6,2.5,1650
0xfc612dc5823ff126d3feb3584e0a08fa4af72cb5,5.1,3366
0x2f42d2124e9e160b0735810245d68a65621b1d64,0.98,646.8
0x802013aeb629cc5c80f4a9bed6830302d0529f67,0.4879,322.014
0x686241bab4dc5b09b9f7925f351f9061b7aee5df,6,3960
0x20b55115fb8f86d95aedc9923867ac76766dbac5,2,1320
0xf97c78cfbb882ee6b75c35144f7b6010083d228f,4.2226,2786.916
0x3db94c4def5ee0a505df3b02f1be1fc3cb772762,0.98,646.8
0x1c7d12d782bbf35a710461b190c6bed6cafcda8e,6.2,4092
0x7789e6e40c075827b126f4660f42b2281ddfddf7,5,3300
0xcf1ab8e682a496f76d9bcc66ccd8826df171213d,5,3300
0x3a8f2c6125697bec4c199516f395e149e2630e94,19.5,12870
0xed2886ae3b44e5b00660b7e83544fdc7fc578d1c,0.78,514.8
0xa6031aa7a61e246e41bf5bcd9410103c6acad9df,5,3300
0xf006334c3dc0987dcc7818381b963e2d51fea776,5,3300
0x7bf2f07ddbef9dda3e8e6123e0754d536cb629c4,4.8,3168
0x7086158d24f331c5abfd232ef2a92c175c34c564,2,1320
0xe48c222c11625fb1e3d3065627b001b219b61ade,4.95867464,3272.7252624
0xf37d20a16da5c5f1f895f20c79cf055665820a28,2.7,1782
0x45b5dbc2b62e7a16f5b315e15f5abecb03da71f8,0.4895,323.07
0x0451d1f94930a76537f454cb54998508b1e287b1,1.3,858
0x8d0ac5831911d11b400283136512fb018df3a02c,5.6,3696
0xd3aee754fc2a171907fad1a1c8aeaafb72cb0680,15,9900
0xd925a7b1e7618c311fe836fb6218d9a49bdafcc7,0.866,571.56
0xa291c2b4607bd1de3886b12925520a9c90a4209f,1.9481,1285.746
0xdf0ceac09ca8eaebc5afac19eefa1ef61a641bed,5.4748,3613.368
0xe5e7f32b0df3c6bd36ad14e6fef8bf6cc7c0094b,2,1320
0xb957c2142a26604ea8508c9f39d145381a8899e9,34,22440
0x4bcdf08359aeae40aafdd2cc282e7c1fbb2d310a,5,3300
0xc3ac97ef5510ae0f6b0a35f803770f71249ffb5e,3,1980
0x06b96220cd59ede39cec36edc3d32c7f4d9911a2,3.96,2613.6
0x106f2199328abd810d582fae5fe30f41253afbd2,3,1980
0xd4eef9431262b20d00c9b401463f0b95ed4b066b,0.2,132
0x9488df203717bb2c84d79dd160315deae0b7fbc6,6,3960
0x88bd2115cf5c48a6645edc9fbb604dde6f3381a0,45,29700
0xb578200e011088d6356873a4508191993c23f4a0,8.8,5808
0x4df621d054151672b1949a680965aadc6d517c2d,12,7920
0xb6d892c4edf04e883302d98abf430c2881e8cbae,4,2640
0x000e41167fd3db832b9ed25d62c93bf5b9484031,1,660
0x7e15a3889238bfbc99229c40e1d00cad3c576b06,2,1320
0x4f7c70202b862e1ce8e8f30048ae13f8825332a0,2,1320
0xf04e8baad6bb2caecc9fc8b5592d90d1c0495694,24.6,16236
0xfc61563ad79109f6f04e9085474ef7e8bf641baf,1.8,1188
0x1f0791a7555e64d6b19db6a20856be0b8d6f757a,9.9,6534
0x0086b8add1b29046849ccbe6bcaefeda74abfa3a,5,3300
0x890ecfefa4a160616156843a7d416ed8a5b431f2,0.6,396
0x034bb51fa7d64fa37295367a10e84170983ca95f,1,660
0xa00e963355d7e9fc3861e9e587426a9bd02cc952,3,1980
0xe2f9b3c6798876ea4594fc1cb69047b2302a8562,0.7,462
0x4e2b10fdc68fdd35bb85909f1727fd90f4df0795,3,1980
0x236f9f97e0e62388479bf9e5ba4889e46b0273c3,3.9885,2632.41
0x1bf91c9fcc9672b660501c97dd29533557fc0408,1.8992,1253.472
0xb62e03b47df316c0294fddc613923616e2628a71,4.993,3295.38
0x0cb65f3e8cb1aef41dab6b410a742354e2e80c7c,2,1320
0xc0f0bb853d08b9ad6f59c40ba37a59c9548ddede,1.97,1300.2
0xb0d63daf16875f97ac8efbb1e8eab992e65fb2d6,4,2640
0x09a5dda721f3ad770d1a3a0f1092b6f7eb5abe39,2.3,1518
0x2c8105a31576d89b415b747a2d9f938d9c2eba41,2.45,1617
0x145c5af23b708a2791cbe8dbe1e0e35e39be7bc1,1.4,924
0x1fb136be376c7819f2bf3720b28229464c05a7c4,0.98,646.8
0x06ea9b0a3b913c54801cc08b0a3c12ac05be6754,25.2,16632
0x4f8c61b4dea97b908f47add4cb4fabd4ed1410e9,6.3,4158
0x4c741a7113f2c04bb09ee3253e2e4a04684a0a75,2,1320
0x5ea1462a47b72e203defbfff68f105ffba6da906,5.28,3484.8
0x19e4650ccefddd5634d901f8109850bcb5060999,1,660
0xff515e40b26e7f52179d8f61a8463b8a3534d8eb,7,4620
0x3495cb382b736bf195ccb85bf4011a563c179bbd,2.4,1584
0x186da630dc2608742916ff6047772b948cfb9082,1,660
0xf57bc3804de5873ad8f926873f4d9cd326d25068,11.92,7867.2
0x4de868b477d31a8f9d8ddee94e86146ee68b4de1,30,19800
0xe1529dc4dac1a928cc8873170863a4141a5712d9,1,660
0x8a73872c2d5a33d4582b5b45f8ff7118710030cf,4.34,2864.4
0xd1ad0d16ea733b7998714f2b9cade32a534df499,0.085,56.1
0x196a8f4dbb874b820d187773b6e94974c027b47b,3,1980
0x74fd94e9cb8ce5317021884fcd787fff9e531e6c,8,5280
0x98527d19b26f6a46ea5d4e96630750307aac2e31,4,2640
0xd4c2c704bebd667074b07643fa79149449130267,3,1980
0xf4fec2b94e586824be00b55fe7fec9fdf422e6e9,6,3960
0x2a2b4096d826ba35be3f9c011bd23f5ea60b671c,1,660
0xf0d8574e7f932567506256614ddae87e86618915,0.55,363
0x103acdb9a613656b78020665130bcafd29be0433,7.8,5148
0x9c6ebd8dd62312693499897bf6cb7cabeedd581b,1.14,752.4
0x226e35a347e73d1e6b8924a29d53401ad76f8fc9,1.01252,668.2632
0xfd3490f684f06935d01965fcc1d506f9147c74b1,24,15840
0x430f08efbbe6f6cb02578935f343a40b88ff5899,5,3300
0xfbb06f475d9ed6ce3229f6bc363557b5519d4e7f,0.98,646.8
0x4654eb5cf5237a8f86ce1043839cd8732ce0259b,5,3300
0x70399deefb6006e3c9071c353a6f93b8724e8906,1.0362,683.892
0x62a3a4d00bc199f36f15b1c963f146a545410a4e,3.99,2633.4
0x07ff3463620606e7483f074c44fc25c32383bc79,30,19800
0x98804e3f901e73d6d51f8eabf7dd43a55ca6c239,1.2216,806.256
0xf8553e8fbe9e29de91bc9e6813cd1d0c947029d3,3.4,2244
0xe7f8712552ba0be7e659b41d9b5f146f5f745224,9.96,6573.6
0xe3557e84bd0247c09ec369d3c904e9dab87d60a7,0.67,442.2
0x29ce005d1051e11c9ed85db9eeda88c8f95d1327,1,660
0x593269313aed81b05b80b9ee649196bbbe904c3b,5,3300
0x9a2876fd91527ac9fccc7edf1c1bd5226ebc0e3f,2.7648,1824.768
0x57185575bde00a4cf3ae893dd4eee4dfcfce751c,3,1980
0x7561a971a34e04b3f4e7d5548490144c376798c6,2,1320
0x2915dee6b80da1418918a5fe2777cf2ef3a69cac,7.7,5082
0xc2ceab32ea8fd2103467a05a666fd32d7a5cad34,0.42,277.2
0x8fdf70de22d3b9044d3539658fcda560460debb9,1,660
0x5aaf83f5f94a11698ceada816163f247562f0dc0,10,6600
0x1edc06719f97607117e6367323deac87ff3f1fcb,4,2640
0x24957cd5e915b1d6400187a6b05fd59b7f5478a9,25,16500
0xbf054b53d1c657995bda3ddd3e5d7379a52c071a,3.09,2039.4
0xf2f21616752f722986d5946743ec342e9709235f,1.9,1254
0x630df293de7b9c6f383e3798f02d54a10c85883f,50,33000
0xb8028a5e590e615069553599321ab9ae3c2c36d7,20,13200
0x6f5ac81eeec184c7091246eb10dad2dddda3ebe2,1,660
0xacbfefd2819e3117a27032ddd75c35fed6c2e4e1,1.5,990
0x61cf029e58713260acdad6e46a54ba687a465064,9.97,6580.2
0x27b8ca61039cc0ef3a5a11a0b71347c2cf8f3bcc,8,5280
0xaec4e16202bf41f97d2cb2139a00105eeeed590e,1,660
0x2825de80c6b9744f4430e274c685ebce12c7dc41,1.74231521,1149.9280386
0xbcd6c218830fa22149e6f3804afe5232578d1375,0.25,165
0xb0db2a038ba56789bc09cc9d5691bbe59f0db190,8,5280
0x5205db26070388518f87f854128632995ee0867a,5,3300
0x75b6d7a0c305e4348b8864751ed1220918326a44,5,3300
0xfa79e7004f4064bf3c09478f773bfccb612c9830,10,6600
0xe20ff70dfd4358299aa26cc3837933596f9ce86e,1,660
0xbb00f707f9f0b72923f046a7fb75c021ff4272f9,18,11880
0x55d38dfa6fd5b4ad218d8beb1cfe3e4a3be62c65,20.5,13530
0xfedf6287adb76a271d33c44d983087f06e262689,4.91,3240.6
0x86b717a8e106ab0a84b6e1a3e47abc60f643c81a,10,6600
0xf3d98bcca14e651f97bbeb1dcd76f3b45c9fd057,5,3300
0x524d3ee27bab3048a7bd93999beae4be0501f82d,30,19800
0xeca13ba7fd39f4422a40854a7d44ec4d60a3a7e0,10,6600
0xe7d0c3c726b9ed03ffa0a19e7a3970db17602b08,0.45,297
0x28d0f70fa8c6e9657ff1290616b5afcbafb70eac,2,1320
0x0da6142da24783c2736d64ac693d3f71277fbad7,11,7260
0x06021860c0af11ceb29839aa78284c66fd3f79c5,1000,660000
0xdf2931fa45182a7027db28f44b38ba3cb5bee77f,1,660
0xebbe90c5ec83db3c002a48361fc947f55dbcae23,2,1320
0x54fcbab2180f664ee796cce01a9e7374b74bf22c,0.5,330
0xca31c77f6061fc76e9227691c42227b78bd64498,0.96,633.6
0x13423013738998e40652d006f9f8360ec0a9b695,3,1980
0xbd1e043e2f2e645d416fd853b989558404d63735,30,19800
0xa69414871814a6f8aea7edd9e4f1282c6eaffe18,7,4620
0x28fc5c6fb33fec0fa4d1b174031ab51ffd363716,4,2640
0x81fd6437682dab49dee304af80820391e4034c40,2,1320
0xb596764189686099cf2e777ab26e01f1067645fb,19,12540
0xba1d5ec9c9736fac01d1b3c5a77893a25b6c59e1,5,3300
0x58ba52775582cc3debbbd6472f4fed07154f4a17,2,1320
0x4cae259563cd4164724576d3f5ef3c749f15913e,14,9240
0xb54e77378d8eecf3e71896d273944e154444b039,1.931,1274.46
0x1ff0b5f5f3e0f2e5ad62239e8a676b51ce563fb7,0.6,396
0x74a16dcdfcfe8a9a283340163ef23b9cc83f3ec9,2,1320
0xfb3ddae4a662939191f36bc68d36ed10a258e117,2.9,1914
0x8e38afd1a55d0795c7459caf6015c013cfc9a4de,12,7920
0xca6e8da8e96cd2ae9f84205708f288020c922553,1.4,924
0x2165fdf0cfe4b0736f6b315b9acc3526f5119d74,3,1980
0x29421167f40db4d05402891d9749bbda63de82ff,2,1320
0xa001c0faac175b58166a2bd76dce7bb3491d94d8,4,2640
0x170960cc6a33d4ac46deadc533a091963eec8bec,2,1320
0xe6d1b045d8f37a8502cd17ce78dad7fb9c4d62fa,10,6600
0x538cc6e32c48673d10330a138b8454ff23ba6d1f,2,1320
0x48e75f2307c8705b5f228237f34264d934777544,7,4620
0x90dabfa59f600b3fdf99dbcf3f4f4df5bf2e77c1,50,33000
0xd320e2c37df6e7c995df0b1c5ba1ce2a16409075,7,4620
0x9e89255770bbc483ef1ba318a0f81cc29844d703,0.05,33
0x7d19a41e0ee0626135147efca0731871411537d9,2,1320
0x22229a42b47608e3038502969aace61b79e33dc0,1.38,910.8
0x01a707320d7ea1c8f3df77264637bc2973f0ceea,7.15,4719
0x88ab4b0c9c3060f87d9068784db13da74bf9cfb1,6.5,4290
0x9fd323c81820c143a225b0cccd943a42ddfef79c,22,14520
0x5638cd740986dcac4f2f544c6d3112d5a1a5f4c4,9.012,5947.92
0x55930f9e275fd4240bc728761c13234e5946324f,7.3,4818
0xd315959e879d36d314c19ccf6654dce6b7255fb4,1.77,1168.2
0xa661b1b549e898d3a4178d3c1d67b4d45edf7842,30,19800
0xcc9fdbab96ea3a6398be6fd95c9f774d5cccefd7,2.3,1518
0x8c6545f225561426f7b4377365984123a87c3a7c,5,3300
0x3e86ae2079bd569300e0037137c140f1301d26dc,8,5280
0xcabc46cfc6be955110cbbf31518f2c131f74df62,2.28253259,1506.4715094
0x1cf62e833a9b983ae6886e144be8f6c964526392,2,1320
0x972e82c586f06b8eb07c6ae3b3bb2ba84ec73760,0.31,204.6
0x2befd97fa736b6ffcdd590cebe910d6b5cc16737,1,660
0x590996e0e4166a51e9aa604b32a13bf7d919ebf2,2.58,1702.8
0x6ff9d7d76c835e3587c4c502b5fcde1baedbed72,6.1862,4082.892
0x6af428a041853764d83496984e9724442d5556e5,30,19800
0x24b8800678045b8ab7e79f6af002cde28054d27d,5,3300
0xb42ebcc42f91f9bd5a3b6e0b60bf08aaac52af44,0.82,541.2
0xc80683d42772b28b7ddf3a9efb1b35a31e96c31d,5.2,3432
0x2d501a81aa868bf3496c3dcb4fedbaecbb17b8cd,8,5280
0xce3b2f49af5155632eb1eaf75437128dd76311d0,3.8524,2542.584
0x6d2c5b077d4c8be373996694e076121696361946,0.3,198
0x9eef45004ee9a4995bb10517f07a4dbb3f02b251,6.46,4263.6
0xf2c555386faf58b3694160dea58cb02420358141,2.94,1940.4
0x8ad7c876aa579fef23f0df6cb195249e1828cc37,1,660
0x9bd51e7a12764657d9189433aaa08589f9a73c49,1.01,666.6
0xe3667ae4bdafad97355f7faf27be6acccc2b2b2e,8.5,5610
0x5e2142ab532679654f97598f21ef230be8dea0f0,2,1320
0x4765f0edd5091dc97924ea42de3ca1b7b65914c7,5,3300
0xc8fd0b1900b8aa57079d2ce287530515cde9de5e,8,5280
0x14d8922d470f47997fb422660fe5da99bdd1414d,9.96,6573.6
0x11fd010302198c530ea567cf4943ef16904c7667,6.006,3963.96
0x6577a0dab641864da3d99a948490dca22d77f1cf,1,660
0xa28961626bf5369611dbc13fc84cc723af3eba61,10,6600
0xf7cd363734c90a110c7387718cf105e9c491aa95,1.8,1188
0x933d1c07296b9d216c9fa156eaa79cf6e1af1a9a,3.86,2547.6
0xb23d9052348961b90af9bfb52cf44597e8c6d382,10,6600
0x2f981762d3c47ebf2612cb6817e4183bf1ad7317,0.13,85.8
0x1e30c6f4f0bc85c438f5c4cd17b7c13493819174,1,660
0x8937d230b019c2fa0f69ac553c3d577909c14650,9.2,6072
0xeaf25acebce0baf3607a16bd4ebb38ef1115fa71,20,13200
0xad73c9dbc6865e18683f64d0d98852304adb7c88,5,3300
0x56f409de8325ac8af90ca1e5045b303a4f1ebdfa,30.2,19932
0x49b5b8898881f9e8449d1ab40e44ebfed1836e10,30.08,19852.8
0x669f741d978c796a03c0750784eca9cde20a6e89,2,1320
0xb7d5a91a8bf871fe894215652578b3b820193230,1,660
0xf1f56a5a6e9acf0cf316da9f2dcfc7312f4caba9,9.9,6534
0xc685835a0be613057ba9b1e77f96a7b10bf69b56,2,1320
0x5a5b6ba3ec6e60a4afb6e6f49cdeeedf60c8aeef,6,3960
0x668f8c7cd1e5c6193ce09b9934c76ad91eb92403,4.9,3234
0x60de8b3797fadc712f961e0871e255659939b963,13,8580
0x29d8f97cec21ac930e6fa92985576e0d569e4ac6,4.3,2838
0x201a52fd4b96b0ab999d1c6a0ffd222b09c0cea6,10,6600
0x574c59b2fb26f398c461a53746c5e7939854870f,4,2640
0x58d5ebb5a7667feb53e676efcb60e2a1acd1a669,2,1320
0x879614cf6d5b47ceb1c2212932202e45e31b8e6c,8,5280
0x4d04d4e84eef5c9f0fc1ce5fe0cdc076803d0bac,2,1320
0x911d0d304c43acf55134fd062ccfa5fb78551126,9,5940
0x9c1db89c58174c90d562dd3412cd4b2ba58f7620,3.68,2428.8
0x7a0c7670551015a50cd992dca64436694596ffcc,4.724,3117.84
0x3a59e5f2ac46d41f6dbfb3c3d1b5e65d6455d64f,1,660
0x714b9a312920f7992fb44b08ed921ced79f94f7c,21,13860
0x99b07f6018cb8a5c77fca9371044e8f6038bfbab,0.99,653.4
0x46358860ee06feca9bd83ade31df9364b7296839,0.98,646.8
0x5aec212516c0f617e83eb407f0f8a2f792e4ce01,30,19800
0xe92632a2eb717dfb906dad978a2aa1cdfaf4eede,3,1980
0x2ee578555423836478d672f7eb9ebc3637cde79e,2.17,1432.2
0xd1c56eddca9714c518373c17ae13809a68836d73,3.0001,1980.066
0xf5c7c9b4d3e5897ca53ce575163671bd0aaf3072,3.84,2534.4
0xb7b86aacbba74c587836a48a99c432a9ed7b5aae,3,1980
0xde1bfdb82e6ee376f81c73e0edcd24a0958ff66f,14.6,9636
0xb90bc56bbdadcee316bb341f251f014129102853,3.96805,2618.913
0x80c503db92ae417099a025c49103b80e370ddae1,1.5,990
0xf361e7f39beb5e1a3f7fef72abd805797f8c1e84,2,1320
0x5a5106bfa60fec2edc7992b246ba506e05d86767,2.68,1768.8
0x8300c3fa582111b068c4a6d03596635b39d95c18,3,1980
0x240618ddf961fcdef8a63783ffbc4ee654b4a8f9,10,6600
0x788d3a2e88cf44b6c392b11f0262f3f93365d22d,5,3300
0x022c43804df7552ca655d21ae4ef46b807511c07,10,6600
0xad7024ff124fb9dd2f81d675e6797d1a29f94d18,2,1320
0x02f529b68bdd8fc96187fb0f395fbd159f7851b9,30,19800
0x55afc343a65e9aaa30afc2aa283dca5a0e0b449d,5,3300
0x12f62a792f9510f3548c39b1aa9d7e34d177e366,4.08,2692.8
0x8a9957406da197645eb1982c180441f5cbf46116,1.5,990
0x8548c014c75c5089633755e4d61ded6d448e5404,4.8969,3231.954
0xd9ffb44d457922fe3c769b286f65bb6a13260f53,1,660
0x8ecb24c85bfef902a379ae28dcde7755c00d2c7a,1.68,1108.8
0x794a1371329393dac21e9b7190f65930eeaf550e,2,1320
0x07635e384558345376f0dd9fe24240e5dc4dd5e5,30,19800
0x6b4787ee0b39d848667d3a7237a497650d2d291c,2.5,1650
0x03cb0f29680e6882336899c253578c14cf356857,20,13200
0x4f97ec119c542ad1988d169d448927abaeb7d33f,5,3300
0x3520864c81393ab870e948b3218569b4736995b0,0.8,528
0x51a1be13381e05bbfdd5b0b4c2de6ebc03c5c3a6,1,660
0x10bbd3ab1835a2688ea8f080bca325e29c51d442,3.15,2079
0x386f5085f8e17cd2a415c66e0c85ec034ffc7953,3,1980
0xfd1b9321c57d2b0b063c390144ae9a77bfb43f54,2.5,1650
0xee933cf3a25c08b67a7602123df8ff8782a527f6,3.9,2574
0xed5498d4624b15f5a37215b1e30776944a3c76fb,7.7,5082
0xb500070d8596f419bf95fc2dd0512b6bd8770214,2,1320
0x20ed93e736c9e731f7bc3f25c6f7f0a8b3a2a2d0,11.8927946,7849.244436
0x8a07a262203c7e3fbf3515cb83d4f50ad50e1021,0.62,409.2
0xf9b9d862003a8cfbd5c968ab95d88f8f76f26ae5,0.3,198
0xff8fa3db045b18033f1d0156be0a3e5087efaef3,3,1980
0xed4c17b89860067e0bddc90d22f6ad20f9b10d2e,0.98,646.8
0xddebbec9785870760f9dc02dc27e2719c390bfd6,6,3960
0x10b4b2ea095f932489d700ba9bad52ec0bbe36cb,1.7995,1187.67
0xb91b0271d59e5d5dea17cf582dda9f69729fce05,1.9,1254
0x12a8923ab95e2727a175916c7736c0b3f42ad7c3,2.2,1452
0x866a6fd88299ab453761334e2abea2b2482dd6c2,1,660
0x09cca7b49fee788c6e3a9cad068591bf577de052,2.5,1650
0xc3253ff16257cf36fac031db4d4fa410ef0b8a04,0.997851784,658.58217744
0x74b744213246ddd7b49b58f609b12c959a227d58,1,660
0x06abf6e3e5c05d02e971b7ac07b2becd7cab1b03,2.5,1650
0xaf62d4322e35323da92a562c0e9a5568b3b30229,30,19800
0x9595647449661ef9128b9a1791bb2792efec1406,0.982,648.12
0x96989b2e5358126575fa2bc7b749f773ab2ca830,3,1980
0xe5ef8a2ef91c4b56f2b2b808687da86919094550,14,9240
0xf672221676208c4e38828426e680b5e667b3d7ff,20,13200
0x733b848d503506361b230b1f1905092aadc3df46,0.8,528
0x231ac2e537b8e336e7dcb8021b3335f0f7de9974,30,19800
0x4e554e4665d95d1657fe349378e5f79723cae157,7,4620
0x02a4e5c31f9ec747fe0ab5457c48283d33c39b45,3.04,2006.4
0x7c78c13e3876b0c86bc5acced2250bd30c811651,1,660
0xca03d8c59bcab87fa9b61610f6ff57cc89d099f7,14.33955,9464.103
0x8bffcd1d7b1bb23400da572ce4ab9bb3f444a101,6.3322,4179.252
0x09723e22c289dbeacb7e90b04c745394a83d0b86,2.01,1326.6
0xc14a43111c2a94e3c1ecbd65ab5a9e9838ba5253,21.62,14269.2
0x59856ae7650f896117d604d6f9d980cabd476cf4,55,36300
0x0b940c09d744002493c5760bb335657e6cd45f39,13,8580
0x1fbf85afc40bead48d502f2975223207353c5f5d,1.3,858
0xa2bc572702da2ba37455c9af09130398e53d9701,15,9900
0xd45294ccde911def4b4185f1738350c41d627ed3,0.82,541.2
0x44a485408cc7d22c16f4d8a003423e3d7026f539,0.5,330
0xa4399412a861fcbc1b8fb192f8520ef70f7c6bb3,5,3300
0x2ab81891fc4e193ec6224dc0f8a61772d8107728,2,1320
0xdfca3adddc9055011256c14d7e45372949428276,10,6600
0x0322fd686489d2e6760c8fb72855411ea1c23c62,2,1320
0x951b3329273d6c8c8803af62d5be5a99990a820a,1.6,1056
0xb1f6cade19e16087eb1178627d0111b90eb97345,3,1980
0x8d5465e4f193be9d6fff5c8d4544b14787832d67,10,6600
0x04a9fc82848ced0384ee1e30d36a472910a9ebdc,1,660
0x793d23ef0785f8ee61d5dabe13c51271b4e7fde6,2.4,1584
0x77986a2bc42f843851a30d4e13a9340bd7a006fe,10,6600
0x5154d0ebc311134ef778e8b29e6f29a1cc13dfcd,0.29,191.4
0xc571c702c0b6d7fb6421676373da13d9e3e93250,1.0358,683.628
0xe14e18115f97905d81635f49360531a0195826df,5,3300
0x1917d22e106a03f5463f53b472749f3fcf262195,30,19800
0xae0bf847620f23923bd4c4d6c83536d61ffa7fa2,10,6600
0x088c4a4a8a8fab074ad5d3ffa5cdd481997dee4d,72,47520
0x612935a7f0119005f69e5ebdc3ef753e1671c7b4,20.5,13530
0x0cf693e429a3244eae15fc2a3e293780f6a0af06,1,660
0xcdbb4007de2749ae6706493fbf85e657f24ef0e5,2,1320
0x1371663ff4320add21c103c00ce0a2df1b71f8a8,2,1320
0x2049de4de5e206a991ca8b1fa5c5d5115f9e22c5,2,1320
0xcc539790167b46503652239664f2a30a2d279917,16.495,10886.7
0x0718736ed41b591855389db280093509d148a86c,5,3300
0x4056328c4baf0b51a986a43484079f57c6c5cfeb,22.99,15173.4
0xc726b0a2fd88a347be65a02c2c89f5356511440b,2,1320
0xd09a469a042306290716185484e0037a92b4864d,2.3,1518
0x8541b3c4516d51e0018568a6cacd962a214230c5,4,2640
0x6de48a79fb151e802f017f63df2d1e7d934937b7,3.2,2112
0x94999299547a4a2e4b5f45257b7c97102d131993,3.1,2046
0x4ae415451d138c280ef508c6e31027bd00b33d35,0.226,149.16
0xb704e78238cec527d025d331c113c93d7db81cd7,8.07,5326.2
0x9c81a240b396cf4da89831034592cdca8842fd35,12,7920
0x062a280f88f039a6b070c9d8d309d20a1b81addf,13.1133,8654.778
0x9c522b8686e82b0ed8cda4cbf8d5c1b1b112083c,5,3300
0xfd9605e095587020621574a3fa3dceaa70e36af7,17.66,11655.6
0x581a2d1fe493032a388f417b28c5f04ceccb9e9a,2.8,1848
0x85ebb154565303557ef9a11eeddf92741a76a530,0.2,132
0x7f3a5d1b0fddffff71b8f30b236a6b2d77f44c10,0.88,580.8
0xa38c8dc797c39c57f3cf626ee2e3b868b4d1e0ed,0.5,330
0x6c502e3bf0d240c67be9cde166469ac8a6652ed9,2.368,1562.88
0x74841b98f7747da100299965c6dc04131dc3825e,10,6600
0x3ba2f397163101d3cb1462eac9c7086c34a08230,6.2039,4094.574
0x3f53d7422ee77809bebfab45461b9b967acf6e32,1.9681,1298.946
0x3285de43ad6ad897cfdf0e48808b2aaca3df871d,2,1320
0x548bc3cb7ca9d6e149dc44e6b4ec6204cac1f2d7,1.84,1214.4
0x429f9eaf4ebb40543b6651ea0b12cd5f91eda75e,26,17160
0xa51362433550de5c7810ed82c846940c8fe088bf,15,9900
0x9938de383718c7550013bbae292170b74bedb303,1,660
0xa39c5d3e133841df82caf0ac245007f15906898e,0.095,62.7
0x2976a69ef219eb7bcb78be9723d5ecfbc8cc4ab6,1,660
0x59e3e250699966bfdf7c4c2887b03b473c775d84,5,3300
0xa36e61b31631c764b744e467f695c49693e6f2dc,0.4,264
0xc461af1cf974fa8a59586c7b3acaec70b8ce8397,19.6,12936
0x943dcf00f32ed8efcfd7f33145a61496af00ee5d,1.75,1155
0x314455a8c45bba8ddc336226567c082f325c7263,0.47,310.2
0xe2e2e77ccb52941f6e7610f60efa1823fed6964b,3.26,2151.6
0x60427089b4c9219b3aac2cdbd9b9fd7b63e6d52e,4,2640
0xa858487bc444e2c4e6011ec011f86224b0704bd0,2.055,1356.3
0xc32905c07c0cab5307549ae7e1b3fbb81f29b3ff,3.4,2244
0x47b340a7cd29bfa96a17c1685f61a67f0c7de422,2.472,1631.52
0x056a79051f7c6195edcecbe3a79c3aff8e2b08dc,0.79,521.4
0x1f9417947f15a8744f41997bd03d782e01c3761f,4,2640
0x4c32f11666ae1542656fd6fa332dca16862e5f1c,5,3300
0x2bd1f1f92b72c930925caa4caf8700581ca58400,0.35,231
0x08bafb4400a102dddc5e5d584abf0aa38e174c57,4,2640
0x118f8010077a0800b7a038baf8df2552c8512f42,12.75,8415
0x9a3c8e5f7dbedf049076fd07ecdfc46b24701dce,19,12540
0x90a6565b1993f8dab497b8aa8ecf51881ad01e1a,5.084,3355.44
0xb4ca479f58b7d75f73b8e3fc4d4730303279406f,10,6600
0xe584cf2e71f5ffe495069fa8b6ce62f636617a67,1.1,726
0xa43d08ec56e946fbc8d65f29e4cf9f1f2fb1b5a6,13,8580
0xcf707bbfae024f2061f75d66e3316f1a4a7ddfe7,2,1320
0xf701c7ac5807d0974a59c220a58609fdce55763f,6,3960
0x027cc5b86ee03592ddeeb2241987d6e80fbc6304,10,6600
0x6307cb5f1d34f90073aabfeee93fb3e492c340ce,25,16500
0x7ab6ece43854333dc1d026607ab1dd46b2fdb455,14.8,9768
0x1c1028e783a64b66849cf81ba3586d32f6c3b6c5,1,660
0x24f1575a0c242b6d6e7d5920c9de48378ebdb7c8,2.45,1617
0x8df5edc049f29fa2aacb98297704bfd1e1f425c0,8,5280
0xe5d0be441627472f4d3d15eaf8107bdcceb1306a,4,2640
0xfb945697454c1c22d5f88be5558469182d6e9039,1,660
0x918709e9ca6423e89d1ff75c3e521cc6ff5f3819,11.5,7590
0x5b279c406a13a1772c7c382d1096b04a7e65e753,2,1320
0x43ba686ebc1c44b029de6fc6dc2fe6caa97e6ea7,4,2640
0x51c3c6127af000475bf6b81b4469409e42132753,2,1320
0xacb2153fb6653c5962546bcc096d05c75b5af523,6.063,4001.58
0x85cb06feb0eda87b1deb7f023120b7340f270be2,14.01,9246.6
0x3c579133c724d42a557b3b8005c369d89a5d8bc7,1.97,1300.2
0x58848a95cd81a666affc4123372f35544d6b90cb,3.4,2244
0xeaa54285e33e3410a111a04fed143f40246891fd,30.09,19859.4
0x8f6d19f57b456d900e8ad5273505a38179030e46,4.95,3267
0xb604be9155810e4ba938ce06f8e554d2eb3438fe,1.9,1254
0x9915e24817654c4bb75aff8e71a7445c57cc4061,6,3960
0xd2a75f1ebb6ed6919277401a2e3fd6e3d828e086,23.6509,15609.594
0x4a9dafe66f0485a51b2d641d20f95d949ca822d2,5,3300
0x9915277e2237a571f211305d4b96a95a5cc2e26a,3.1,2046
0x39a186cbdb161b530174560137236b83dd7e1a98,2.1,1386
0xee99022a67130568b425fb1518cf2916b1a9adb3,2.5,1650
0x1d04c971c186d49b1185d57e49706a646a399215,2.374,1566.84
0x3a98cbdb4e331021837ea6b34a264aca79918057,2.13,1405.8
0xd862cfe64410283236cc529e085c12ea6ec60607,5.9,3894
0x05f83a6150bac66811ef2bb70655c2742a402229,20,13200
0x40ff6811ca698afded11f2a46de3a573bee1930d,1,660
0x35daa6c87c5495cefc9dd9ba070ca5a56f9ec6b6,25.1,16566
0x0fdc14ca9784cba95e9f51709f73bd9000e99aaf,5.289,3490.74
0xb81fe3f6aadb93e3aa973ce86ba06fca3f9de198,4,2640
0x91a6a6fc03dff0c0020eeff915c217504f6e94fc,7.1,4686
0xde44d71d4ee8799430ea5511ad3c89e53f195590,3,1980
0x0d3821e52d2fe653759e56cbf13bded7c9e5bc4c,4,2640
0xb768e6b5d5c0238ece4123eb0559423ad7a58dd1,20.9,13794
0x6d7e478e9f73a6e27e15343e3e3a0fe036b41309,23.95,15807
0xac4484da9c3bfeec2e7fc2fffdc50e198eec74c9,5.2,3432
0x38e535192afebbe641c928d182dfd4fe0a0a6055,9.89,6527.4
0x8564a4d65bf84074b7240da52a4d34f9d490d359,4.7,3102
0xda2b6e4ee93f0ac4f3f094ead2d2353bc29b0895,1.1,726
0x93e6cad05c1c85fa6d5cdd0222341eed83b21c79,3.08,2032.8
0x0ac4a9b827a22c5126e9b8e2fd56450d7aa9f335,27.15,17919
0x089ffdde1f37b0f377b29be06f4dc9f8c75d75d6,2,1320
0x167fc35be356cfdd7b5966c485e39327595b3bf6,23,15180
0xf03754f3730920cccebef465e05a3fd801446f82,0.9925,655.05
0x56d7e960bd1c809393d288ace4cf1b0aedb08a89,1,660
0x8a8147b5f5670f6031403c4a686544008946dc65,12,7920
0x9aadcc756a605ad6cc873746385a67d718745884,2.8967,1911.822
0x71e0c2439feba60ac3dedbeaf1042c6712fe6764,1.02,673.2
0x11cbb0a4fb22094e17f7ce7bba871d1dd591b391,6.96,4593.6
0xc9fd60bb3615af0d69da9ebdb16e35ae5d1d09b2,5,3300
0x07d0d6c81e64f778ef12ca154f5e34efe593cab5,6,3960
0x2a48a2f0691d17af0084c47078c18467bd50198c,2.49,1643.4
0x12e2f873cf6994a788bbe6c420f34efe5bb9688f,2,1320
0x709e8bdf37a1ef72ef4b8984bb9fd611a510801d,2,1320
0xf264f82c54613e13ccc15902aef8c0e18e5b9add,0.99,653.4
0x0339e45d0e2487c616e1d1e1a75780ce4a340e08,9.65,6369
0x4b66ed74fcbb308014852fcd4343884baa5319c0,5.5,3630
0x7cd920d78a878ece6709b45adee93cbff4d18aa8,9.3,6138
0x95f5311b13bc5b08029aa173a8279be19dd167b1,2.9878,1971.948
0xc00c6413185a4ea60ba72e883a277291be7577c3,2,1320
0x6c7e3e4ba165b94ff80f989bc8bf412e298fce28,10.859,7166.94
0x4960f6c4c99b56f685d54819f48fc6ab35e8aa08,1.5,990
0x506636314e7d70da34bb3cd5cda906608aa60b78,0.5,330
0x45c85135ca5603a1fd26db92e6e8a414da10974d,5,3300
0x9cb37d3b4b42e9b58ef38ebe6201c98da21801c7,1.9,1254
0x31686a5841d83b8f4898f854bf4bb8fa17db06ba,4,2640
0xf4050c9698c50590ce47c38065f34eaf5d845916,10,6600
0x45010f79c12b54488cb5da16f8392998b0a68d13,20,13200
0xd60a898dc9500a48d440e5f82b9a104581bcdaf2,10,6600
0x05237bdb3dcb5bc44fe13d9da6f37544a369c42e,5,3300
0xcb3c293bf478429257f216a4f3cdb233c846c005,8.5,5610
0xfd52c7c72c18967550b6cb95a171c5988ac1a2ad,10,6600
0xc82e8ca42e51e4124451bb57494c493ef98fe6f6,3.5,2310
0x545d6ccfd4d74058d57d92b494a6d9e2abbd18bc,1.5,990
0x0453e82c1998b9e5473805e80890869f0e191ad7,2,1320
0x7b40a8f00322acfc87b8de8df7324b4071aa077b,0.4,264
0x5641519cc28def80d631baa28b949f17a6a22ad1,20,13200
0x41a66d369d51438adb3cd35474b03455ea645550,2.3,1518
0xaea3be7517d425224694e6aebaef5de9d730acfd,23,15180
0x11b7e00e88b7eff018f373e252ba785e19345d9a,5,3300
0x678498badbe31d20f718a303e51324a6d039e7af,1.5,990
0x975732dba1aa17f0bd32b2bccfc663c5433aa1ff,7.26,4791.6
0x3b112cbd0d11e076c223e4c782fae0ab0625db40,1.96,1293.6
0x192724a373b8729ef441d5aaf503d9b704c37721,3.1842,2101.572
0x5d31ece3cee3ade0e151a464d70b9a83710fe04a,3.0913,2040.258
0x587ee63ac2e0f69519cda592d8884f9444bf530f,0.18,118.8
0x5252f75da0f8067dd46c7243f7fa96acc0651b05,4.9,3234
0x28d98e31c040734b3dba6ec183a712f0a83a1b6f,25.8,17028
0x67f9ad4ef5fba05913a936d097aed9b17b3984fa,200,132000
0x1f777dc79f4bd77f6e411ff9f67872cb8bca7c56,12,7920
0x34c788d906100586ba3c0879527bf1e53c5c5d33,1,660
0xf3d31acc1928f72ce526053d11b42a7cb14827d8,4.55,3003
0x000d1bd7ddb026db84610ecec497e8f619e540b0,15,9900
0x5f9dff2f06a4e4a311ccf9c08b4dbd4c66178fd2,1,660
0xbe7e83260a04a0fb95c0988831714c7bc9a436cb,19,12540
0x6ca63cc6cebc09452006d2dae3cbdcd2dadde767,5,3300
0xf203e5e87e4c4aa77da0e122eccb7ef60168ac7f,5.5,3630
0xd6c2b75b142293661d4504074918763c2c079986,2.5,1650
0xb347393e29c96fbdd378ab959dc923dd34e487f1,20,13200
0xc42109a984802e15bcfa337c57f02259d9a00abf,10,6600
0x3a3be4d39664d2966499cfdeedf0be9ce87bd71d,19.44,12830.4
0x778b0b2bd55d0bd23d5b7e66e98e27d967d5df8e,0.9788,646.008
0x74f355aeddfe000c50701d15594e37af63fddaa4,1.1,726
0xbb8a871d9199fff6bb49859303da23ca576d2499,5,3300
0x7f6a8603c22cb27656e575025d6e2dd0acde3504,4.5,2970
0x4526581a906f7d5a321dc3eeab5bfafd54c3222f,2.5766,1700.556
0x8203febbbe7420ca106541f894b442b23921aaa5,10,6600
0xefb0f0e0b2bb8951d36de253e4681347efd41f27,5.07,3346.2
0xffe5ee303d1867a4ae060a1195a77b510e1c7467,2,1320
0x55c37c081852c5d9215a082f838a1f6391d7e1ba,1,660
0x7599767cfc53ccc38150476aa8504fa6a1fc9534,5.18,3418.8
0xfa95b52ee5616dcc05df9b507f7626299683d4a1,3.8,2508
0x08ce17567c172a8823bb09f410780481cd5033db,16,10560
0xd421838a42bb009f7982ea6216d84b9c11728b19,469,309540
0x61e6f4bb7d04fbe3aee429bc1c7e720d6f4e3bdc,4,2640
0xdff0a5cbf25c991ba1bc710600985080c387cb17,0.925,610.5
0x9e4c85b119c8169f0999c0b013fb07130b926cfc,5,3300
0x87c1f6de114c59adffcb7c16f9400d24ca03dd2c,1.91,1260.6
0x85eedae7515e101b0ba51948bf7d23f1d0603dc0,9.12,6019.2
0x53d860573c7646f0b607338743ce27f0bc753e1d,18,11880
0x7a6596bdb6f655ce4f90c59b5ef1e72821d59d40,1.71729,1133.4114
0x40c1c50c651d3dadd2bcfe9b4ea0c68479b70b55,1,660
0xf14e559cd09ee8dedc0c7710e20bac2934a4d40c,0.39,257.4
0xd471ee183d7c75e227941d0a94d5d01376842d29,0.1,66
0x3b3d13ce8ef8e3d0629d8147495e8422bb2e000a,3.1532,2081.112
0xb3f6817cf10348ddfadf87a17943f19a424f9436,70.5,46530
0x3014ee24988ae9bf34dc7dad03a57ebc531d2f7d,1.4,924
0x19b31d3c0829e6e01e9c3f2186354ef99337b58f,9.97,6580.2
0x6eaa44319d2d327237ef055579dc499f627149dc,1.179,778.14
0x1544ee4797a3d284530cff9489b3e155228f7da6,0.986,650.76
0x38616251085033f17dc78dfff6c138a6e08fb242,2,1320
0xd3d5716ef3a9500de05c0a5ba318d98bd3e78d0e,0.4,264
0x0ef7f9c83158255e33eb9134a07416e143bc94b3,3.5,2310
0x78d3bc335822ddcf80ed112ff83c5e51741402c2,0.09,59.4
0x5b511d31174362bbe11bcdb0610d0940fedf4c8c,20,13200
0xe791b2472f6ce987f760ceff150aaf719c349c27,1,660
0xba3b9354c4c8c5cfbc871f199db556816ab768ba,1.08,712.8
0x33e3bf38c1607d541301fe8c7b69a194154f6fe0,4.2,2772
0xc7fb76d905102fbf68a981474bd26e5fa4427790,1,660
0x081a689aae9c5f8d9ffb13f48ce0d7bd08cc8e0a,2.4,1584
0xf57c409719451c224c25e02160de7b3a39d0de55,5.34,3524.4
0xba6b435c2700d27406f4949d11c50000e729f3e2,9.45,6237
0xb926ead778f72f6021bd9aebbdbf90a2eaccfba4,5,3300
0xa7dad9d96ccdb35c089342cb26f84ecc5c8f9107,3,1980
0xb609711f70bc3378d9427863b777432fbddf4b69,1.3,858
0x4c106d1e610bd76dfe34e15c209d4a4affccecf6,111,73260
0xa771660767ba61243c82b3083fd924a6149bbb35,0.9,594
0x1dc8c703782676a0d15ba324fc891df9c323502e,5,3300
0xe49ecc99ca13ebe0773dcb48987bb48ce61aae07,12,7920
0xe85c687132e380faf6ef81c6eedc2d5bc66b66fc,5,3300
0x5a150b17bc46002f85dded9b2d2b0c1a29cba056,1,660
0x4b360367a532d968eaf5157b0444202d0bd04813,21,13860
0x2a53a0fec55ad01042c139e517b6c364073b2831,4.5,2970
0xc753ca58c3793ce76c0579ee3e6d1f9e050abc6b,3,1980
0x9b14c4c9874c61977d45b89f24cbd8e3eb9dba07,1.18,778.8
0x672e5a5b33c5dbbbf7afb4f093be0dce5da329c5,0.981,647.46
0xe2ad5841b064167b34100b5b33d5bd86a612201a,5,3300
0xc03e714f41730aa730e915907028367343a0109d,8,5280
0xe905154abda61b7e19d0d94af3fcfde5b7b42725,30,19800
0xe588c58d33ff65bc6209b64a51957e77c7fcde99,5.1,3366
0x8dc1690d038b2551b546c04f731fe7ef19c0f4ce,3.5,2310
0x974e92713d0d4b692d51ba81082a24a8bb85582a,11.5,7590
0xfb5b1b3172a4cffde0411947e9a4a74a11963f8b,5,3300
0x70e9c024e74012ad59f14a008056111d8f95b601,2,1320
0x7844664154bc39195bad5d3ccf25c5de929fa430,9.99,6593.4
0x99f1ebe97a72b0a602e3cb92fc5f341e870ff3ff,5,3300
0x21721192308e72a0aa51875fc15688641db9164b,0.4515,297.99
0x878e747e0c87996cf55162b782e567fac6e87052,1,660
0x84c0812831187739549b81eec293bd7f8e14339e,2.95,1947
0x55a5b9f849f9f3766864559f701bc8e5086bcef3,1.33,877.8
0xa5672718d3d82c4c9d1eb5754566075fa4687817,4,2640
0xf23b127ff5a6a8b60cc4cbf937e5683315894dda,50,33000
0x4831654d3f48316e9f12b2250593daaa2030144d,2,1320
0xa47df3dc78acaf95bcf1117e990abc111becae6b,0.5,330
0xaefea59c60e008455d4e9a9819061a298e965f1a,1,660
0x96c8f6c649ac92a3f4b8dd0a1c432b26e31b9ad1,0.9,594
0x258fd17e71c4ab6f34dea8cf838feaacf2491b11,0.9,594
0x4bd4f2e60eedb7c09f6f5098335a7a577aff7338,5,3300
0xd2999afcf7d77c363511c6f807e6fcd22f3b56a0,5,3300
0xd41967279cf79479f39f626d4ce0216b36721d9a,2,1320
0x98880fa8bdde1009d26595a9c4703530fb424fe2,5,3300
0x93916db9922e6fe08c25d4f415d0c7350aefed8f,2.8,1848
0x7a48d2372c34dbf7ad3e2ea3e7b6828b8b8839c4,0.5,330
0x32a23f42e965969367525b4618cbcbe655b0d811,3.45,2277
0x347ba2b93d599d576cf34623fc685a02a968d542,9.5,6270
0x6bac0a32a280114584c8d4d69ea5c579228449c4,10,6600
0x026d687482e2a1a0f523ec8a29e38834ba769124,5,3300
0x9f402d0cea351ab0194ff86e179e3e36bb24ba12,2,1320
0x3b6174ee2ac5f42a33f6e998f174f5e802d3685c,1.99,1313.4
0x79b32bc2795280f388d14311d8cf5bdc2dba2315,1,660
0x147e52316414efa99aefcd4a496705a74a765190,16.9,11154
0x3919675777bdd9bea0394290963101992c3fea2f,2,1320
0x8dc682bbbd05159345842b811b5ffc02e86b51ca,1.13,745.8
0x6b5fa40499fb56c1c3edcf314de0cf5fc2fcc1ea,2,1320
0xcc9dcd8cfdbfc510f14fbec8b1fa0ad4bffb878c,14.28,9424.8
0xfbbe59a87dc013e67ee1acc0c9894dbf67ad50d7,1,660
0x1cd7ac2cf5644f1ad350d828679d609ffde0d69f,1.987,1311.42
0xc984aaf78b094328bee6d20d8b6c12e4c104a9de,25,16500
0xaa8f06c44146c14f3393d4f4e0b782845e802b3d,1,660
0x7dd37a118c41c1f92b50c3d82822375e5dd7c660,3.636476483802714777,2400.07447930979175284
0x6ed42aa1c82aaa6ff0151fe184483be99f6e740a,9.55,6303
0x3c535a5e159521e6272c03dad1becce1ff0e88ce,6.7,4422
0x1b29291cf6a57ee008b45f529210d6d5c5f19d91,7.1,4686
0x22f609f483c171dcb5ee1df7224a9feb1953cc8e,0.1,66
0x46ea926a5e47b811a1b75d907bf9ea4bfdc765e5,10,6600
0xaf51971af8da2c7a2c543894ceda858810df868b,40,26400
0x83056c69c83723a098c6c3620e78935992fd5a99,3.09,2039.4